Código Institución,Código Modular,Anexo,Nombre de SS.EE.,Ubigeo,Departamento,Provincia,Distrito,Código DRE/UGEL,DRE / UGEL,Centro Poblado,Código Centro Poblado,Código Local,Dirección,Nivel / Modalidad,Gestion / Dependencia,Latitud,Longitud,Altitud,Fuente de coordenadas
20177055.0,917864,0,17258,10202,AMAZONAS,BAGUA,ARAMANGO,10009,IBIR-IMAZA,ALTO NUMPATKAIM,545022,4574.0,ALTO NUMPATKAIM,Primaria,Pública - Sector Educación,-5.2644067,-78.43664417,328,MED_GPS (LOCAL)
20177055.0,1686401,0,17258,10202,AMAZONAS,BAGUA,ARAMANGO,10009,IBIR-IMAZA,ALTO NUMPATKAIM,545022,4574.0,ALTO NUMPATKAIM,Inicial - Jardín,Pública - Sector Educación,-5.2644067,-78.43664417,328,MED_GPS (LOCAL)
,3975879,0,ISLA YAMAKAI,10202,AMAZONAS,BAGUA,ARAMANGO,10009,IBIR-IMAZA,ALTO NUMPATKAIM,545022,,COMUNIDAD ISLA YAMAKAI,Inicial No Escolarizado,Pública - Sector Educación,-5.263166,-78.438156,341,MED_REG (LOCAL)
20178531.0,1307537,0,17802,10202,AMAZONAS,BAGUA,ARAMANGO,10009,IBIR-IMAZA,EL TAYO,619784,520623.0,EL TAYO,Primaria,Pública - Sector Educación,-5.34565739,-78.47610851,605,MED_GPS (LOCAL)
20184892.0,1686427,0,334,10202,AMAZONAS,BAGUA,ARAMANGO,10009,IBIR-IMAZA,EL TAYO,619784,770551.0,EL TAYO,Inicial - Jardín,Pública - Sector Educación,-5.34500347,-78.47489388,582,MED_GPS (LOCAL)
20179945.0,1464866,0,17848,10202,AMAZONAS,BAGUA,ARAMANGO,10009,IBIR-IMAZA,MAJUSH ENTSA,682281,591521.0,MAJUSH ENTSA ANEXO,Primaria,Pública - Sector Educación,-5.29437227,-78.42675667,326,MED_GPS (LOCAL)
,1692472,0,MAJUSH ENTSA,10202,AMAZONAS,BAGUA,ARAMANGO,10009,IBIR-IMAZA,MAJUSH ENTSA,682281,110851.0,MAJUSH ENTSA,Inicial No Escolarizado,Pública - Sector Educación,-5.293635,-78.427159,334,MED_REG (LOCAL)
20175982.0,623249,0,17151,10202,AMAZONAS,BAGUA,ARAMANGO,10009,IBIR-IMAZA,NAJEM,513066,4437.0,NAJEM,Primaria,Pública - Sector Educación,-5.26349995,-78.44031003,329,MED_GPS (LOCAL)
20184711.0,1686443,0,333,10202,AMAZONAS,BAGUA,ARAMANGO,10009,IBIR-IMAZA,NAJEM,513066,770570.0,NAJEM,Inicial - Jardín,Pública - Sector Educación,-5.26334605,-78.44024575,325,UGEL_GPS (LOCAL)
20189193.0,1718790,0,SEGUNDO ROMULO GUERRA ROJAS,10202,AMAZONAS,BAGUA,ARAMANGO,10009,IBIR-IMAZA,NAJEM,513066,801010.0,NAJEM,Secundaria,Pública - Sector Educación,-5.2634545,-78.4415652,339,UGEL_GPS (LOCAL)
25068556.0,1686393,0,16728,10202,AMAZONAS,BAGUA,ARAMANGO,10009,IBIR-IMAZA,PAIK,547722,850661.0,PAIK,Inicial - Jardín,Pública - Sector Educación,-5.20715,-78.45253,907,UGELCENSO_GPS (LOCAL)
25068556.0,270488,0,16728,10202,AMAZONAS,BAGUA,ARAMANGO,10009,IBIR-IMAZA,PAIK,547722,4220.0,PAIK,Primaria,Pública - Sector Educación,-5.20619,-78.45274,928,UGELCENSO_GPS (LOCAL)
20174080.0,491886,0,16358,10202,AMAZONAS,BAGUA,ARAMANGO,10009,IBIR-IMAZA,SHAIM,540236,3975.0,SHAIM,Primaria,Pública - Sector Educación,-5.2379,-78.487,529,GPS_OTRAS_FUENTES (LOCAL)
20174080.0,1686377,0,16358,10202,AMAZONAS,BAGUA,ARAMANGO,10009,IBIR-IMAZA,SHAIM,540236,850656.0,SHAIM,Inicial - Jardín,Pública - Sector Educación,-5.23795,-78.48709,529,UBICACION_WEB_MED (LOCAL)
23147890.0,1663335,0,17867,10202,AMAZONAS,BAGUA,ARAMANGO,10009,IBIR-IMAZA,SHAWI,654242,745401.0,SHAWI,Primaria,Pública - Sector Educación,-5.27679326,-78.42693927,341,MED_GPS (LOCAL)
,3912463,0,SHAWI,10202,AMAZONAS,BAGUA,ARAMANGO,10009,IBIR-IMAZA,SHAWI,654242,102566.0,SHAWI,Inicial No Escolarizado,Pública - Sector Educación,-5.275762,-78.427083,343,MED_REG (LOCAL)
22869612.0,1546167,0,278,10202,AMAZONAS,BAGUA,ARAMANGO,10009,IBIR-IMAZA,TSUNT SUNTSA,518656,629500.0,TSUNT SUNTSA,Inicial - Jardín,Pública - Sector Educación,-5.38939669,-78.45362849,351,UGELCENSO_GPS (LOCAL)
20175311.0,623660,0,17139,10202,AMAZONAS,BAGUA,ARAMANGO,10009,IBIR-IMAZA,TSUNTSUNTSA,518656,4338.0,TSUNTSUNTSA S/N,Primaria,Pública - Sector Educación,-5.38901331,-78.4538809,355,UGELCENSO_GPS (LOCAL)
20173580.0,402297,0,16320,10202,AMAZONAS,BAGUA,ARAMANGO,10009,IBIR-IMAZA,TUTUMBEROS,131261,3824.0,TUTUMBEROS,Primaria,Pública - Sector Educación,-5.33737806,-78.45449016,355,MED_GPS (LOCAL)
20184221.0,1620749,0,319,10202,AMAZONAS,BAGUA,ARAMANGO,10009,IBIR-IMAZA,TUTUMBEROS,131261,685317.0,TUTUMBEROS,Inicial - Jardín,Pública - Sector Educación,-5.33750726,-78.45491702,371,MED_GPS (LOCAL)
26280141.0,1693233,0,GERARDO WEEPIU DAEKAT,10202,AMAZONAS,BAGUA,ARAMANGO,10009,IBIR-IMAZA,TUTUMBEROS,131261,776888.0,TUTUMBEROS,Secundaria,Pública - Sector Educación,-5.33738434,-78.45497138,371,UGELCENSO_GPS (LOCAL)
20174579.0,402339,0,16718,10205,AMAZONAS,BAGUA,IMAZA,10009,IBIR-IMAZA,ACHU,522173,4121.0,NATIVA ACHU S/N,Primaria,Pública - Sector Educación,-4.939923,-78.25261,681,GPS_OTRAS_FUENTES (LOCAL)
20185392.0,1686450,0,340,10205,AMAZONAS,BAGUA,IMAZA,10009,IBIR-IMAZA,ACHU,522173,770589.0,ACHU,Inicial - Jardín,Pública - Sector Educación,-4.93452166,-78.25084421,680,UGEL_GPS (LOCAL)
26098572.0,3041084,0,18862,10205,AMAZONAS,BAGUA,IMAZA,10009,IBIR-IMAZA,AGKUNIP,693206,910349.0,AGKUNIP,Primaria,Pública - Sector Educación,-5.19625425,-78.19486856,404,MED_REG (LOCAL)
20178876.0,1373000,0,17830,10205,AMAZONAS,BAGUA,IMAZA,10009,IBIR-IMAZA,AGKUSHIP,616988,534696.0,ANEXO AGKUSHIP,Primaria,Pública - Sector Educación,-5.1549641,-78.14350243,518,GPS_OTRAS_FUENTES (LOCAL)
20188510.0,1743673,0,376,10205,AMAZONAS,BAGUA,IMAZA,10009,IBIR-IMAZA,AGKUSHIP,616988,818826.0,AGKUSHIP,Inicial - Jardín,Pública - Sector Educación,-5.15489,-78.14285,528,UBICACION_WEB (LOCAL)
20177136.0,745059,0,17336,10205,AMAZONAS,BAGUA,IMAZA,10009,IBIR-IMAZA,AGUAS TURBIAS,124612,4588.0,AGUAS TURBIAS,Primaria,Pública - Sector Educación,-4.9652,-78.21885,359,MED_GPS (LOCAL)
20185058.0,1686468,0,337,10205,AMAZONAS,BAGUA,IMAZA,10009,IBIR-IMAZA,AGUAS TURBIAS,124612,770594.0,AGUAS TURBIAS,Inicial - Jardín,Pública - Sector Educación,-4.96467498,-78.21831087,356,UGEL_GPS (LOCAL)
22788027.0,917922,0,17348,10205,AMAZONAS,BAGUA,IMAZA,10009,IBIR-IMAZA,ALMENDRO,110953,4705.0,EL ALMENDRO,Primaria,Pública - Sector Educación,-5.27134593,-78.37624335,537,MED_GPS (LOCAL)
,3975878,0,DAPINTS,10205,AMAZONAS,BAGUA,IMAZA,10009,IBIR-IMAZA,ALTO DAPINZA,654677,110864.0,PARQUE COMUNIDAD NAZARETH,Inicial No Escolarizado,Pública - Sector Educación,-5.13238,-78.334563,438,MED_REG (LOCAL)
20189509.0,1412253,0,17837,10205,AMAZONAS,BAGUA,IMAZA,10009,IBIR-IMAZA,ALTO SHAMATAK,682993,563052.0,ANEXO ALTO SHAMATAK - TUYAGKUWAS,Primaria,Pública - Sector Educación,-4.61842,-78.600928,779,GPS_OTRAS_FUENTES (LOCAL)
20187522.0,1732700,0,365,10205,AMAZONAS,BAGUA,IMAZA,10009,IBIR-IMAZA,ALTO SHAMATAK,682993,810463.0,ALTO SHAMATAK COMUNIDAD NATIVA,Inicial - Jardín,Pública - Sector Educación,-4.61860521,-78.59999887,773,UGEL_GPS (LOCAL)
20175230.0,1711886,0,17137,10205,AMAZONAS,BAGUA,IMAZA,10009,IBIR-IMAZA,ALTO TUNTUS,684383,850637.0,ALTO TUNTUS,Inicial - Jardín,Pública - Sector Educación,-4.66033,-78.5922,720,UGELCENSO_GPS (LOCAL)
20175230.0,593889,0,17137,10205,AMAZONAS,BAGUA,IMAZA,10009,IBIR-IMAZA,ALTO TUNTUS,684383,4319.0,ALTO TUNTUS,Primaria,Pública - Sector Educación,-4.66215594,-78.5913802,720,UGELCENSO_GPS (LOCAL)
24447928.0,3014644,0,MARCIAL TIWI UGKUM,10205,AMAZONAS,BAGUA,IMAZA,10009,IBIR-IMAZA,ALTO TUNTUS,684383,903042.0,ALTO TUNTUS,Secundaria,Pública - Sector Educación,-4.660372,-78.59228472,720,MED_REG (LOCAL)
,3998099,0,YAYA,10205,AMAZONAS,BAGUA,IMAZA,10009,IBIR-IMAZA,ALTO WAWAS,654669,104898.0,ALTO WAWAS,Inicial No Escolarizado,Pública - Sector Educación,-5.321891,-78.293026,566,MED_REG (LOCAL)
20187786.0,1732726,0,367,10205,AMAZONAS,BAGUA,IMAZA,10009,IBIR-IMAZA,ANEXO ALTO PAGKI,683355,810482.0,ANEXO ALTO PAGKI,Inicial - Jardín,Pública - Sector Educación,-5.05823855,-78.42699048,406,UGEL_GPS (LOCAL)
22317512.0,3005477,0,17908,10205,AMAZONAS,BAGUA,IMAZA,10009,IBIR-IMAZA,ANEXO INCHITUSH WAWIK,683882,901689.0,ANEXO INCHITUSH WAWIK,Primaria,Pública - Sector Educación,-4.81172222,-78.17616666,460,MED_REG (LOCAL)
22317369.0,3005469,0,17902,10205,AMAZONAS,BAGUA,IMAZA,10009,IBIR-IMAZA,ANEXO PUERTO TIWI (SAN PABLO),117667,901670.0,ANEXO PUERTO TIWI - SAN PABLO,Primaria,Pública - Sector Educación,-4.75602778,-78.18013888,243,MED_REG (LOCAL)
22409018.0,3007101,0,17904,10205,AMAZONAS,BAGUA,IMAZA,10009,IBIR-IMAZA,ANEXO UKAIM TSEGKEN,684087,901745.0,ANEXO UKAIM TSEGKEN,Primaria,Pública - Sector Educación,-5.15510555,-78.1990694,314,MED_REG (LOCAL)
22869531.0,1324615,0,17815,10205,AMAZONAS,BAGUA,IMAZA,10009,IBIR-IMAZA,AUTUKAI,653985,398665.0,AUTUKAI,Primaria,Pública - Sector Educación,-4.86886377,-78.19948624,249,MED_GPS (LOCAL)
20188103.0,1743699,0,371,10205,AMAZONAS,BAGUA,IMAZA,10009,IBIR-IMAZA,AUTUKAI,653985,818845.0,AUTUKAI,Inicial - Jardín,Pública - Sector Educación,-4.86863696,-78.19981975,252,UGEL_GPS (LOCAL)
22870191.0,1347210,0,17839,10205,AMAZONAS,BAGUA,IMAZA,10009,IBIR-IMAZA,BAKAIG,653268,517036.0,BAKAIG,Primaria,Pública - Sector Educación,-5.02512114,-78.36989757,318,MED_GPS (LOCAL)
20187451.0,1711852,0,364,10205,AMAZONAS,BAGUA,IMAZA,10009,IBIR-IMAZA,BAKAIG,653268,792968.0,BAKAIG,Inicial - Jardín,Pública - Sector Educación,-5.02568276,-78.36977546,317,UGEL_GPS (LOCAL)
,3980124,0,SUGKA,10205,AMAZONAS,BAGUA,IMAZA,10009,IBIR-IMAZA,BAKAIG,653268,110593.0,BAKAIG,Inicial No Escolarizado,Pública - Sector Educación,-5.018491,-78.370644,315,MED_REG (LOCAL)
20175567.0,623207,0,17146,10205,AMAZONAS,BAGUA,IMAZA,10009,IBIR-IMAZA,BAKANTS,614169,4395.0,BAKANTS,Primaria,Pública - Sector Educación,-5.204777,-78.135573,503,GPS_OTRAS_FUENTES (LOCAL)
20186798.0,1711779,0,356,10205,AMAZONAS,BAGUA,IMAZA,10009,IBIR-IMAZA,BAKANTS,614169,792888.0,BAKANTS,Inicial - Jardín,Pública - Sector Educación,-5.20368575,-78.13536661,499,UGEL_GPS (LOCAL)
,3969878,0,IKAMIA BAKAU,10205,AMAZONAS,BAGUA,IMAZA,10009,IBIR-IMAZA,BAKAU,684068,114888.0,COMUNIDAD BAKAU,Inicial No Escolarizado,Pública - Sector Educación,-5.028153,-78.444604,408,MED_REG (LOCAL)
20174730.0,270363,0,16723,10205,AMAZONAS,BAGUA,IMAZA,10009,IBIR-IMAZA,BICHANAK,542345,4178.0,BICHANAK S/N,Primaria,Pública - Sector Educación,-4.93925036,-78.1975361,291,MED_GPS (LOCAL)
20183640.0,1620673,0,311,10205,AMAZONAS,BAGUA,IMAZA,10009,IBIR-IMAZA,BICHANAK,542345,685242.0,BICHANAK,Inicial - Jardín,Pública - Sector Educación,-4.9385,-78.1976,294,GPS_OTRAS_FUENTES (LOCAL)
,3998745,0,PUENTE VERDE,10205,AMAZONAS,BAGUA,IMAZA,10009,IBIR-IMAZA,BICHANAK,542345,116516.0,PUENTE VERDE BICHANAK,Inicial No Escolarizado,Pública - Sector Educación,-4.927623,-78.180566,339,MED_REG (LOCAL)
,3998092,0,YAMPAN,10205,AMAZONAS,BAGUA,IMAZA,10009,IBIR-IMAZA,BICHANTS,684390,104894.0,BICHANTS,Inicial No Escolarizado,Pública - Sector Educación,-4.732314,-78.178561,233,MED_REG (LOCAL)
20178957.0,1373034,0,17833,10205,AMAZONAS,BAGUA,IMAZA,10009,IBIR-IMAZA,BICHANTS INAYU,684390,534724.0,BICHANTS INAYU,Primaria,Pública - Sector Educación,-4.732213,-78.178992,232,GPS_OTRAS_FUENTES (LOCAL)
25422805.0,1663285,0,17853,10205,AMAZONAS,BAGUA,IMAZA,10009,IBIR-IMAZA,BUCHIGKIS,653269,745340.0,BUCHIGKIS,Primaria,Pública - Sector Educación,-5.1983492,-78.27865326,309,MED_GPS (LOCAL)
20175494.0,623652,0,17142,10205,AMAZONAS,BAGUA,IMAZA,10009,IBIR-IMAZA,BUKUIG,516103,4362.0,BUKUIG S/N,Primaria,Pública - Sector Educación,-5.01856669,-78.33408762,307,UGEL_GPS (LOCAL)
22816160.0,1743681,0,378,10205,AMAZONAS,BAGUA,IMAZA,10009,IBIR-IMAZA,BUKUIG,516103,818831.0,BUKUIG,Inicial - Jardín,Pública - Sector Educación,-5.01906631,-78.33383777,315,UGEL_GPS (LOCAL)
23103737.0,676569,0,17156,10205,AMAZONAS,BAGUA,IMAZA,10009,IBIR-IMAZA,CAMPAENTSA,116118,4480.0,CAMPAENTSA S/N,Primaria,Pública - Sector Educación,-4.9497,-78.3469,360,GPS_OTRAS_FUENTES (LOCAL)
20185473.0,1686476,0,341,10205,AMAZONAS,BAGUA,IMAZA,10009,IBIR-IMAZA,CAMPAENTSA,116118,770607.0,CAMPAENTSA,Inicial - Jardín,Pública - Sector Educación,-4.94897684,-78.34529264,313,UGEL_GPS (LOCAL)
20174404.0,269993,0,16717,10205,AMAZONAS,BAGUA,IMAZA,10009,IBIR-IMAZA,CENTRO WAWIK,128811,4116.0,CENTRO WAWIK S/N,Primaria,Pública - Sector Educación,-4.8051,-78.197,248,GPS_OTRAS_FUENTES (LOCAL)
20184302.0,1643170,0,323,10205,AMAZONAS,BAGUA,IMAZA,10009,IBIR-IMAZA,CENTRO WAWIK,128811,726582.0,CENTRO WAWIK,Inicial - Jardín,Pública - Sector Educación,-4.80753,-78.19817,240,UGELCENSO_GPS (LOCAL)
25351851.0,3023298,0,ALFONSO MAJUASH TIINCH,10205,AMAZONAS,BAGUA,IMAZA,10009,IBIR-IMAZA,CENTRO WAWIK,128811,906234.0,CENTRO WAWIK,Secundaria,Pública - Sector Educación,-4.80506,-78.19553,244,MED_REG (LOCAL)
20178124.0,917898,0,17347,10205,AMAZONAS,BAGUA,IMAZA,10009,IBIR-IMAZA,CHAPI,653266,4692.0,KUSU CHAPI S/N,Primaria,Pública - Sector Educación,-5.07305657,-78.35453377,293,UGEL_GPS (LOCAL)
22870432.0,1346261,0,17843,10205,AMAZONAS,BAGUA,IMAZA,10009,IBIR-IMAZA,CHAPI WAWIK,529974,516112.0,CHAPI WAWIK,Primaria,Pública - Sector Educación,-4.8272,-78.1957,251,GPS_OTRAS_FUENTES (LOCAL)
20186046.0,1686484,0,347,10205,AMAZONAS,BAGUA,IMAZA,10009,IBIR-IMAZA,CHAPI WAWIK,529974,770612.0,CHAPI WAWIK,Inicial - Jardín,Pública - Sector Educación,-4.8272757,-78.19498094,249,UGEL_GPS (LOCAL)
20190248.0,1307610,0,17803,10205,AMAZONAS,BAGUA,IMAZA,10009,IBIR-IMAZA,CHAYU ATUMSAMU,150003,520699.0,CHAYU ATUMSAMU,Primaria,Pública - Sector Educación,-5.31363773,-78.2885484,537,GPS_OTRAS_FUENTES (LOCAL)
,1694740,0,CHAYUATUMSAMU,10205,AMAZONAS,BAGUA,IMAZA,10009,IBIR-IMAZA,CHAYU ATUMSAMU,150003,110852.0,CHAYU ATUMSAMU,Inicial No Escolarizado,Pública - Sector Educación,-5.31559,-78.28853,541,MED_REG (LOCAL)
20189924.0,1412246,0,17828,10205,AMAZONAS,BAGUA,IMAZA,10009,IBIR-IMAZA,CHAYUYAKU,620678,563047.0,CHAYUYAKU,Primaria,Pública - Sector Educación,-5.44766935,-78.04243769,740,UGEL_GPS (LOCAL)
23149044.0,1696939,0,17877,10205,AMAZONAS,BAGUA,IMAZA,10009,IBIR-IMAZA,CHICHIJAM ENTSA,682327,779962.0,CHICHIJAM ENTSA,Primaria,Pública - Sector Educación,-4.90654,-78.3517,324,UGELCENSO_GPS (LOCAL)
20173173.0,1464825,0,17850,10205,AMAZONAS,BAGUA,IMAZA,10009,IBIR-IMAZA,CHIGKANAS,652952,591489.0,CHIGKANAS,Primaria,Pública - Sector Educación,-5.18831777,-78.15782466,477,MED_GPS (LOCAL)
22317105.0,3005444,0,450,10205,AMAZONAS,BAGUA,IMAZA,10009,IBIR-IMAZA,CHIGKANAS,652952,901651.0,CHIGKANAS,Inicial - Jardín,Pública - Sector Educación,-5.1884137,-78.156952,477,MED_REG (LOCAL)
22815903.0,1711894,0,17140,10205,AMAZONAS,BAGUA,IMAZA,10009,IBIR-IMAZA,CHIJA,534804,850642.0,CHIJA,Inicial - Jardín,Pública - Sector Educación,-4.77066,-78.52118,582,UGELCENSO_GPS (LOCAL)
22815903.0,593913,0,17140,10205,AMAZONAS,BAGUA,IMAZA,10009,IBIR-IMAZA,CHIJA,534804,4343.0,CHIJA,Primaria,Pública - Sector Educación,-4.77011804,-78.52117587,584,MED_GPS (LOCAL)
20182814.0,1464817,0,303,10205,AMAZONAS,BAGUA,IMAZA,10009,IBIR-IMAZA,CHIKAIS,128905,591470.0,CHIKAIS,Inicial - Jardín,Pública - Sector Educación,-4.69961799,-78.19050745,245,MED_GPS (LOCAL)
26280060.0,1732585,0,ROGER GUZMAN SUGKA,10205,AMAZONAS,BAGUA,IMAZA,10009,IBIR-IMAZA,CHIKAIS,128905,810340.0,CHIKAIS,Secundaria,Pública - Sector Educación,-4.70359,-78.1887,244,UGELCENSO_GPS (LOCAL)
24995984.0,1346279,0,17832,10205,AMAZONAS,BAGUA,IMAZA,10009,IBIR-IMAZA,CHINIM,653265,516126.0,CHINIM,Primaria,Pública - Sector Educación,-5.07650248,-78.31669086,280,MED_GPS (LOCAL)
20186127.0,1686492,0,348,10205,AMAZONAS,BAGUA,IMAZA,10009,IBIR-IMAZA,CHINIM,653265,770626.0,CHINIM,Inicial - Jardín,Pública - Sector Educación,-5.07704197,-78.31734201,291,UGEL_GPS (LOCAL)
24555259.0,1307503,0,17819,10205,AMAZONAS,BAGUA,IMAZA,10009,IBIR-IMAZA,CHINIM WAWAS,683359,520595.0,CHINIM WAWAS,Primaria,Pública - Sector Educación,-5.23764,-78.35518566,350,UGELCENSO_GPS (LOCAL)
20187298.0,1711837,0,362,10205,AMAZONAS,BAGUA,IMAZA,10009,IBIR-IMAZA,CHINIM WAWAS,683359,792949.0,CHINIM WAWAS,Inicial - Jardín,Pública - Sector Educación,-5.23742656,-78.35559286,350,UGEL_GPS (LOCAL)
20173823.0,554543,0,16351,10205,AMAZONAS,BAGUA,IMAZA,10009,IBIR-IMAZA,CHIPE CUZU,115087,3918.0,CHIPE CUZU,Primaria,Pública - Sector Educación,-4.7941,-78.2903,261,GPS_OTRAS_FUENTES (LOCAL)
20180420.0,708172,0,256,10205,AMAZONAS,BAGUA,IMAZA,10009,IBIR-IMAZA,CHIPE CUZU,115087,3664.0,CHIPE CUZU,Inicial - Jardín,Pública - Sector Educación,-4.7943,-78.2896,256,GPS_OTRAS_FUENTES (LOCAL)
20188936.0,745125,0,JOSE KISTUG PUJUPAT,10205,AMAZONAS,BAGUA,IMAZA,10009,IBIR-IMAZA,CHIPE CUZU,115087,4809.0,CHIPE CUZU,Secundaria,Pública - Sector Educación,-4.7957,-78.2908,262,GPS_OTRAS_FUENTES (LOCAL)
20173416.0,402271,0,16318,10205,AMAZONAS,BAGUA,IMAZA,10009,IBIR-IMAZA,CHIRIACO,118993,3800.0,JIRON RICARDO PALMA,Primaria,Pública - Sector Educación,-5.1615,-78.2885,299,GPS_OTRAS_FUENTES (LOCAL)
20180269.0,553842,0,210,10205,AMAZONAS,BAGUA,IMAZA,10009,IBIR-IMAZA,CHIRIACO,118993,3640.0,AVENIDA PRINCIPAL 881,Inicial - Jardín,Pública - Sector Educación,-5.1604,-78.288,295,GPS_OTRAS_FUENTES (LOCAL)
20180269.0,553842,1,210,10205,AMAZONAS,BAGUA,IMAZA,10009,IBIR-IMAZA,CHIRIACO,118993,915573.0,CALLE TUYAGKUWAS S/N,Inicial - Jardín,Pública - Sector Educación,-5.16591,-78.29024,314,MED_REG (LOCAL)
22871188.0,593947,0,TECNICO INDUSTRIAL TUPAC AMARU,10205,AMAZONAS,BAGUA,IMAZA,10009,IBIR-IMAZA,CHIRIACO,118993,4772.0,AVENIDA PRINCIPAL 220,Secundaria,Pública - Sector Educación,-5.1639,-78.2869,298,GPS_OTRAS_FUENTES (LOCAL)
20189355.0,1272392,0,TEODULO BECERRA PEREZ,10205,AMAZONAS,BAGUA,IMAZA,10009,IBIR-IMAZA,CHIRIACO,118993,4852.0,AVENIDA AWAJUN S/N,Básica Alternativa - Avanzado,Pública - Sector Educación,-5.16296081,-78.28905172,304,UGEL_GPS (LOCAL)
20189355.0,676981,0,TEODULO BECERRA PEREZ,10205,AMAZONAS,BAGUA,IMAZA,10009,IBIR-IMAZA,CHIRIACO,118993,4852.0,AVENIDA AWAJUN S/N,Básica Alternativa - Inicial e Intermedio,Pública - Sector Educación,-5.16296081,-78.28905172,304,UGEL_GPS (LOCAL)
,918136,0,TSAMAJAIN,10205,AMAZONAS,BAGUA,IMAZA,10009,IBIR-IMAZA,CHIRIACO,118993,4866.0,AVENIDA MORRO SOLAR S/N,Superior Tecnológica,Pública - Sector Educación,-5.1625,-78.2885,299,GPS_OTRAS_FUENTES (LOCAL)
23143429.0,1766989,0,YAGKUA,10205,AMAZONAS,BAGUA,IMAZA,10009,IBIR-IMAZA,CHIRIACO,118993,837698.0,CHIRIACO,Básica Especial - Primaria,Pública - Sector Educación,-5.1641006,-78.28931727,304,UGEL_GPS (LOCAL)
20177624.0,745117,0,17342,10205,AMAZONAS,BAGUA,IMAZA,10009,IBIR-IMAZA,COCHA VERDE,551478,4649.0,COCHA VERDE S/N,Primaria,Pública - Sector Educación,-4.85698342,-78.17128154,258,MED_GPS (LOCAL)
,4008310,0,COCHA VERDE,10205,AMAZONAS,BAGUA,IMAZA,10009,IBIR-IMAZA,COCHA VERDE,551478,117441.0,COCHA VERDE,Inicial No Escolarizado,Pública - Sector Educación,-4.857162,-78.171238,261,MED_REG (LOCAL)
20174994.0,623710,0,17088,10205,AMAZONAS,BAGUA,IMAZA,10009,IBIR-IMAZA,CUZUMATAC,567352,4258.0,CUZUMATAC,Primaria,Pública - Sector Educación,-4.9164432,-78.10697305,287,MED_GPS (LOCAL)
23148390.0,1663343,0,17869,10205,AMAZONAS,BAGUA,IMAZA,10009,IBIR-IMAZA,DAKUETKAU,227741,745397.0,DAKUETKAU,Primaria,Pública - Sector Educación,-4.75964574,-78.21282957,245,MED_GPS (LOCAL)
25304421.0,3022779,0,18858,10205,AMAZONAS,BAGUA,IMAZA,10009,IBIR-IMAZA,DAUK ENTSA,693115,906088.0,DAUK ENTSA,Primaria,Pública - Sector Educación,-5.03347635,-78.31782103,395,MED_REG (LOCAL)
,3978208,0,DUKUM ENTSA,10205,AMAZONAS,BAGUA,IMAZA,10009,IBIR-IMAZA,DUKUM ENTSA,692685,104092.0,COMUNIDAD DUKUM ENTSA,Inicial No Escolarizado,Pública - Sector Educación,-5.1843,-78.383476,311,MED_REG (LOCAL)
20174242.0,223453,0,16590,10205,AMAZONAS,BAGUA,IMAZA,10009,IBIR-IMAZA,DURAND,125691,4036.0,DURAND S/N,Primaria,Pública - Sector Educación,-5.23820259,-78.36452857,362,MED_GPS (LOCAL)
20181419.0,1561620,0,287,10205,AMAZONAS,BAGUA,IMAZA,10009,IBIR-IMAZA,DURAND,125691,636874.0,DURAND,Inicial - Jardín,Pública - Sector Educación,-5.2387,-78.3642,363,GPS_OTRAS_FUENTES (LOCAL)
22815741.0,1623578,0,16720,10205,AMAZONAS,BAGUA,IMAZA,10009,IBIR-IMAZA,DUSHIP,110993,850595.0,DUSHIP,Inicial - Jardín,Pública - Sector Educación,-5.02899,-78.33866,295,UBICACION_WEB (LOCAL)
22815741.0,270132,0,16720,10205,AMAZONAS,BAGUA,IMAZA,10009,IBIR-IMAZA,DUSHIP,110993,4140.0,DUSHIP,Primaria,Pública - Sector Educación,-5.02878617,-78.33841848,294,MED_GPS (LOCAL)
20176067.0,676973,0,17155,10205,AMAZONAS,BAGUA,IMAZA,10009,IBIR-IMAZA,EL PARAISO,131593,4475.0,ELPARAISO,Primaria,Pública - Sector Educación,-4.86883467,-78.17321475,259,MED_GPS (LOCAL)
20185546.0,1686518,0,342,10205,AMAZONAS,BAGUA,IMAZA,10009,IBIR-IMAZA,EL PARAISO,131593,770645.0,EL PARAISO,Inicial - Jardín,Pública - Sector Educación,-4.8685606,-78.17336183,256,UGEL_GPS (LOCAL)
22870505.0,1412311,0,17844,10205,AMAZONAS,BAGUA,IMAZA,10009,IBIR-IMAZA,EPEMIMU,654676,563113.0,EPEMIMU NAZARETH,Primaria,Pública - Sector Educación,-5.15459234,-78.32559312,321,UGEL_GPS (LOCAL)
20184485.0,1645365,0,324,10205,AMAZONAS,BAGUA,IMAZA,10009,IBIR-IMAZA,EPEMIMU,654676,727911.0,EPEMIMU NAZARETH,Inicial - Jardín,Pública - Sector Educación,-5.15242328,-78.32596994,323,UGEL_GPS (LOCAL)
20173742.0,402354,0,16326,10205,AMAZONAS,BAGUA,IMAZA,10009,IBIR-IMAZA,HUANTSA,649968,3881.0,HUANTSA,Primaria,Pública - Sector Educación,-4.99678128,-78.39019842,307,MED_GPS (LOCAL)
20182652.0,1464833,0,301,10205,AMAZONAS,BAGUA,IMAZA,10009,IBIR-IMAZA,HUANTSA,649968,591494.0,HUANTSA,Inicial - Jardín,Pública - Sector Educación,-4.99672807,-78.38795746,314,MED_GPS (LOCAL)
24555666.0,259101,0,ALBERTO ACOSTA HERRERA,10205,AMAZONAS,BAGUA,IMAZA,10009,IBIR-IMAZA,IMACITA,127258,4767.0,AVENIDA IMACITA 100,Primaria,Pública - Sector Educación,-5.0611,-78.33,278,GPS_OTRAS_FUENTES (LOCAL)
24555666.0,489609,0,ALBERTO ACOSTA HERRERA,10205,AMAZONAS,BAGUA,IMAZA,10009,IBIR-IMAZA,IMACITA,127258,4767.0,AVENIDA IMACITA 100,Secundaria,Pública - Sector Educación,-5.0611,-78.33,278,GPS_OTRAS_FUENTES (LOCAL)
24555666.0,585125,0,ALBERTO ACOSTA HERRERA,10205,AMAZONAS,BAGUA,IMAZA,10009,IBIR-IMAZA,IMACITA,127258,4767.0,AVENIDA IMACITA 100,Inicial - Jardín,Pública - Sector Educación,-5.0611,-78.33,278,GPS_OTRAS_FUENTES (LOCAL)
25239679.0,3022373,0,ERNESTO ANTUASH JEMPE,10205,AMAZONAS,BAGUA,IMAZA,10009,IBIR-IMAZA,IMACITA,127258,905932.0,IMACITA,Básica Alternativa - Avanzado,Pública - Sector Educación,-5.060578,-78.32988,278,MED_REG (LOCAL)
23103321.0,623199,0,17145,10205,AMAZONAS,BAGUA,IMAZA,10009,IBIR-IMAZA,INAYO,129035,4381.0,INAYO S/N,Primaria,Pública - Sector Educación,-5.18779068,-78.29119299,326,MED_GPS (LOCAL)
,3877631,0,INAYO,10205,AMAZONAS,BAGUA,IMAZA,10009,IBIR-IMAZA,INAYO,129035,109569.0,INAYO,Inicial No Escolarizado,Pública - Sector Educación,-5.18779,-78.29119,326,MED_REG (LOCAL)
23146231.0,1634526,0,17855,10205,AMAZONAS,BAGUA,IMAZA,10009,IBIR-IMAZA,INAYUA MARAÑON,653924,707201.0,INAYUA MARAÑON ANEXO,Primaria,Pública - Sector Educación,-4.71285,-78.1788,235,UGELCENSO_GPS (LOCAL)
23146231.0,1686674,0,17855,10205,AMAZONAS,BAGUA,IMAZA,10009,IBIR-IMAZA,INAYUA MARAÑON,653924,707201.0,INAYUA MARAÑON ANEXO,Inicial - Jardín,Pública - Sector Educación,-4.71285,-78.1788,235,UGELCENSO_GPS (LOCAL)
,3948557,0,INCHITUSH,10205,AMAZONAS,BAGUA,IMAZA,10009,IBIR-IMAZA,INCHITUSH,683882,103240.0,INCHITUSH,Inicial No Escolarizado,Pública - Sector Educación,-4.811945,-78.176372,460,MED_REG (LOCAL)
20176555.0,708222,0,17161,10205,AMAZONAS,BAGUA,IMAZA,10009,IBIR-IMAZA,IWANCH UJAJMAMU,520114,4531.0,IWANCH UJAMAMU S/N,Primaria,Pública - Sector Educación,-5.23295866,-78.03029181,534,UGEL_GPS (LOCAL)
,3912467,0,IWANCH UJUMAMU,10205,AMAZONAS,BAGUA,IMAZA,10009,IBIR-IMAZA,IWANCH UJUMAMU,520114,102568.0,IWANCH UJUMAMU,Inicial No Escolarizado,Pública - Sector Educación,-5.233043,-78.030111,541,MED_REG (LOCAL)
22869124.0,270025,0,16719,10205,AMAZONAS,BAGUA,IMAZA,10009,IBIR-IMAZA,JAYAIS,544499,4135.0,BETHEL JAYAIS S/N,Primaria,Pública - Sector Educación,-5.2327524,-78.33189444,342,MED_GPS (LOCAL)
20184140.0,1620731,0,318,10205,AMAZONAS,BAGUA,IMAZA,10009,IBIR-IMAZA,JAYAIS,544499,685303.0,BETHEL JAYAIS,Inicial - Jardín,Pública - Sector Educación,-5.23269503,-78.33221469,342,MED_GPS (LOCAL)
25423062.0,1663319,0,17864,10205,AMAZONAS,BAGUA,IMAZA,10009,IBIR-IMAZA,JEGKEM,616325,745378.0,JEGKEM,Primaria,Pública - Sector Educación,-4.6473,-78.59682,756,UGELCENSO_GPS (LOCAL)
26643082.0,3056322,0,477,10205,AMAZONAS,BAGUA,IMAZA,10009,IBIR-IMAZA,JEGKEM,616325,915912.0,JEGKEM,Inicial - Jardín,Pública - Sector Educación,-4.647281,-78.597028,756,MED_REG (LOCAL)
23146495.0,1575646,0,17856,10205,AMAZONAS,BAGUA,IMAZA,10009,IBIR-IMAZA,JEMPE,653750,648495.0,JEMPE,Primaria,Pública - Sector Educación,-4.94972528,-78.18233552,304,MED_GPS (LOCAL)
20182571.0,1620608,0,300,10205,AMAZONAS,BAGUA,IMAZA,10009,IBIR-IMAZA,JEMPE,653750,685176.0,ANEXO JEMPE,Inicial - Jardín,Pública - Sector Educación,-4.94961227,-78.18295674,304,MED_GPS (LOCAL)
,4008311,0,JEMPEST,10205,AMAZONAS,BAGUA,IMAZA,10009,IBIR-IMAZA,JEMPETS,235597,117445.0,JEMPETS,Inicial No Escolarizado,Pública - Sector Educación,-4.728212,-78.178158,231,MED_REG (LOCAL)
,3998090,0,JUUM,10205,AMAZONAS,BAGUA,IMAZA,10009,IBIR-IMAZA,JOSE JUUM,684388,104893.0,JOSE JUUM,Inicial No Escolarizado,Pública - Sector Educación,-5.037734,-78.33761,287,MED_REG (LOCAL)
20188693.0,1747559,0,377,10205,AMAZONAS,BAGUA,IMAZA,10009,IBIR-IMAZA,KAMIT ENTSA YUPICUSA,683505,822507.0,KAMIT ENTSA YUPICUSA,Inicial - Jardín,Pública - Sector Educación,-5.18942125,-78.37427981,314,UGEL_GPS (LOCAL)
25422988.0,1732627,0,17861,10205,AMAZONAS,BAGUA,IMAZA,10009,IBIR-IMAZA,KANTASH ENTSA,654278,810383.0,KANTASH ENTSA,Primaria,Pública - Sector Educación,-4.96926,-78.06542,297,UGELCENSO_GPS (LOCAL)
23147556.0,1663368,0,17863,10205,AMAZONAS,BAGUA,IMAZA,10009,IBIR-IMAZA,KAYA WASHU,654675,745420.0,KAYA WASHU,Primaria,Pública - Sector Educación,-4.8794,-78.3972,504,UGELCENSO_GPS (LOCAL)
23148961.0,1663350,0,17876,10205,AMAZONAS,BAGUA,IMAZA,10009,IBIR-IMAZA,KAYAM ENTSA,682325,745415.0,KAYAM ENTSA,Primaria,Pública - Sector Educación,-5.12746,-78.21246,344,UBICACION_WEB (LOCAL)
26642906.0,3056314,0,478,10205,AMAZONAS,BAGUA,IMAZA,10009,IBIR-IMAZA,KAYAM ENTSA,682325,915907.0,KAYAM ENTSA,Inicial - Jardín,Pública - Sector Educación,-5.126561,-78.211262,344,MED_REG (LOCAL)
23149125.0,1634518,0,17878,10205,AMAZONAS,BAGUA,IMAZA,10009,IBIR-IMAZA,KAYAMAS,684405,707197.0,ANEXO KAYAMAS,Primaria,Pública - Sector Educación,-4.82444,-78.60973,927,UGELCENSO_GPS (LOCAL)
,4008308,0,KAYAMAS,10205,AMAZONAS,BAGUA,IMAZA,10009,IBIR-IMAZA,KAYAMAS,684405,117440.0,KAYAMAS,Inicial No Escolarizado,Pública - Sector Educación,-4.82208,-78.610439,943,MED_REG (LOCAL)
22815822.0,1711902,0,16727,10205,AMAZONAS,BAGUA,IMAZA,10009,IBIR-IMAZA,KUCHA,524548,850604.0,KUCHA,Inicial - Jardín,Pública - Sector Educación,-4.85322,-78.59373,788,UGELCENSO_GPS (LOCAL)
22815822.0,270447,0,16727,10205,AMAZONAS,BAGUA,IMAZA,10009,IBIR-IMAZA,KUCHA,524548,4215.0,KUCHA S/N,Primaria,Pública - Sector Educación,-4.853,-78.59031,792,UGELCENSO_GPS (LOCAL)
20173904.0,270165,0,16357,10205,AMAZONAS,BAGUA,IMAZA,10009,IBIR-IMAZA,KUNCHIN,541999,3961.0,KUNCHIN S/N,Primaria,Pública - Sector Educación,-5.04192422,-78.42797681,370,MED_GPS (LOCAL)
20183561.0,1464841,0,310,10205,AMAZONAS,BAGUA,IMAZA,10009,IBIR-IMAZA,KUNCHIN,541999,591502.0,KUNCHIN,Inicial - Jardín,Pública - Sector Educación,-5.04205043,-78.42630001,360,MED_GPS (LOCAL)
22871341.0,1307628,0,TUYAS BASHIGKASH WAJAI,10205,AMAZONAS,BAGUA,IMAZA,10009,IBIR-IMAZA,KUNCHIN,541999,621919.0,KUNCHIN,Secundaria,Pública - Sector Educación,-5.04092,-78.42732,369,UGELCENSO_GPS (LOCAL)
22836951.0,270207,0,16350,10205,AMAZONAS,BAGUA,IMAZA,10009,IBIR-IMAZA,KUSU,126280,3904.0,KUSU COMUNIDAD NATIVA,Primaria,Pública - Sector Educación,-4.7824293,-78.31548697,247,MED_GPS (LOCAL)
20180838.0,926949,0,264,10205,AMAZONAS,BAGUA,IMAZA,10009,IBIR-IMAZA,KUSU,126280,3715.0,KUSU,Inicial - Jardín,Pública - Sector Educación,-4.78211615,-78.31467386,247,MED_GPS (LOCAL)
20181338.0,1546233,0,286,10205,AMAZONAS,BAGUA,IMAZA,10009,IBIR-IMAZA,KUSU CHAPI,653266,629576.0,KUSU CHAPI,Inicial - Jardín,Pública - Sector Educación,-5.07247178,-78.35517332,300,MED_GPS (LOCAL)
24555331.0,491852,0,16579,10205,AMAZONAS,BAGUA,IMAZA,10009,IBIR-IMAZA,KUSU CHICO,122460,4017.0,KUSU CHICO,Primaria,Pública - Sector Educación,-5.07614393,-78.30005974,287,MED_GPS (LOCAL)
20185139.0,1686500,0,338,10205,AMAZONAS,BAGUA,IMAZA,10009,IBIR-IMAZA,KUSU CHICO,122460,770631.0,KUSU CHICO,Inicial - Jardín,Pública - Sector Educación,-5.07790363,-78.2986114,282,UGEL_GPS (LOCAL)
20174161.0,554345,0,16587,10205,AMAZONAS,BAGUA,IMAZA,10009,IBIR-IMAZA,KUSU GRANDE,119934,4022.0,KUSU GRANDE S/N,Primaria,Pública - Sector Educación,-5.04711583,-78.2641083,296,UGEL_GPS (LOCAL)
20182326.0,1464858,0,298,10205,AMAZONAS,BAGUA,IMAZA,10009,IBIR-IMAZA,KUSU GRANDE,119934,591516.0,KUSU GRANDE S/N,Inicial - Jardín,Pública - Sector Educación,-5.04727025,-78.26429689,296,UGEL_GPS (LOCAL)
20176717.0,917807,0,17163,10205,AMAZONAS,BAGUA,IMAZA,10009,IBIR-IMAZA,KUSU KUNCHIN,618564,4550.0,KUSU KUNCHIN,Primaria,Pública - Sector Educación,-5.02406436,-78.44150554,407,MED_GPS (LOCAL)
22816081.0,1566264,0,285,10205,AMAZONAS,BAGUA,IMAZA,10009,IBIR-IMAZA,KUSU KUNCHIN,618564,639943.0,KUSU KUNCHIN,Inicial - Jardín,Pública - Sector Educación,-5.02374732,-78.44162874,411,MED_GPS (LOCAL)
20178043.0,768127,0,17346,10205,AMAZONAS,BAGUA,IMAZA,10009,IBIR-IMAZA,KUSUIM,127725,4687.0,KUSUIM S/N,Primaria,Pública - Sector Educación,-5.22084,-78.1209,524,UGELCENSO_GPS (LOCAL)
20187379.0,1711845,0,363,10205,AMAZONAS,BAGUA,IMAZA,10009,IBIR-IMAZA,KUSUIM,127725,792954.0,KUSUIM,Inicial - Jardín,Pública - Sector Educación,-5.22121378,-78.12141654,526,UGEL_GPS (LOCAL)
20190329.0,1307479,0,17816,10205,AMAZONAS,BAGUA,IMAZA,10009,IBIR-IMAZA,LA CURVA CHIRIACO,651106,520581.0,LA CURVA,Primaria,Pública - Sector Educación,-5.14101411,-78.28553066,293,UGEL_GPS (LOCAL)
20185627.0,1686526,0,343,10205,AMAZONAS,BAGUA,IMAZA,10009,IBIR-IMAZA,LA CURVA CHIRIACO,651106,770650.0,LA CURVA CHIRIACO,Inicial - Jardín,Pública - Sector Educación,-5.13943667,-78.28433865,285,UGEL_GPS (LOCAL)
20179783.0,1373042,0,17836,10205,AMAZONAS,BAGUA,IMAZA,10009,IBIR-IMAZA,LA TUNA,616984,534738.0,LA TUNA,Primaria,Pública - Sector Educación,-4.97767186,-78.12677006,390,MED_GPS (LOCAL)
20174811.0,270124,0,16744,10205,AMAZONAS,BAGUA,IMAZA,10009,IBIR-IMAZA,LA UNION,113342,4244.0,LA UNION S/N,Primaria,Pública - Sector Educación,-4.997,-78.2392,386,GPS_OTRAS_FUENTES (LOCAL)
20181907.0,1620558,0,292,10205,AMAZONAS,BAGUA,IMAZA,10009,IBIR-IMAZA,LA UNION,113342,685124.0,LA UNIÓN,Inicial - Jardín,Pública - Sector Educación,-4.99662432,-78.23917057,387,UGEL_GPS (LOCAL)
20177391.0,745075,0,17338,10205,AMAZONAS,BAGUA,IMAZA,10009,IBIR-IMAZA,LISTRA,547388,4606.0,LISTRA S/N,Primaria,Pública - Sector Educación,-4.77373507,-78.31943841,249,MED_GPS (LOCAL)
20181664.0,1546258,0,289,10205,AMAZONAS,BAGUA,IMAZA,10009,IBIR-IMAZA,LISTRA,547388,629595.0,LISTRA S/N,Inicial - Jardín,Pública - Sector Educación,-4.77479212,-78.3175228,247,MED_GPS (LOCAL)
24466231.0,3014677,0,MASHIGKASH PETSA PIITUG,10205,AMAZONAS,BAGUA,IMAZA,10009,IBIR-IMAZA,LISTRA,547388,903075.0,LISTRA,Secundaria,Pública - Sector Educación,-4.77504015,-78.31580401,273,MED_REG (LOCAL)
22409190.0,3007119,0,17906,10205,AMAZONAS,BAGUA,IMAZA,10009,IBIR-IMAZA,MAMAIS PAKUI,150000,901750.0,MAMAIS PAKUI,Primaria,Pública - Sector Educación,-5.21241688,-78.26548576,306,MED_REG (LOCAL)
22412639.0,3007234,0,17903,10205,AMAZONAS,BAGUA,IMAZA,10009,IBIR-IMAZA,MARACANA,684393,901793.0,MARACANA,Primaria,Pública - Sector Educación,-5.05497694,-78.3314681,295,MED_REG (LOCAL)
25422491.0,1686534,0,351,10205,AMAZONAS,BAGUA,IMAZA,10009,IBIR-IMAZA,MARACANA,684393,770669.0,MARACANA,Inicial - Jardín,Pública - Sector Educación,-5.05513675,-78.33155127,297,MED_GPS (LOCAL)
23149389.0,1633841,0,17871,10205,AMAZONAS,BAGUA,IMAZA,10009,IBIR-IMAZA,MENTE SHUSHUG,150004,706490.0,MENTE SHUSHUG,Primaria,Pública - Sector Educación,-5.20128996,-78.31345697,334,UGEL_GPS (LOCAL)
20183985.0,1620715,0,316,10205,AMAZONAS,BAGUA,IMAZA,10009,IBIR-IMAZA,MENTE SHUSHUG,150004,685280.0,MENTE SHUSHUG,Inicial - Jardín,Pública - Sector Educación,-5.20346326,-78.31429866,340,UGEL_GPS (LOCAL)
22815660.0,259093,0,16208,10205,AMAZONAS,BAGUA,IMAZA,10009,IBIR-IMAZA,MESONES MURO,119168,3758.0,MESONES MURO,Primaria,Pública - Sector Educación,-5.07246088,-78.3322141,273,GPS_OTRAS_FUENTES (LOCAL)
20180188.0,263301,0,205,10205,AMAZONAS,BAGUA,IMAZA,10009,IBIR-IMAZA,MESONES MURO,119168,3635.0,MESONES MURO,Inicial - Jardín,Pública - Sector Educación,-5.0738,-78.3312,276,GPS_OTRAS_FUENTES (LOCAL)
20188855.0,1731090,0,AJUTAP,10205,AMAZONAS,BAGUA,IMAZA,10009,IBIR-IMAZA,MESONES MURO,119168,808380.0,MESONES MURO,Básica Especial - Primaria,Pública - Sector Educación,-5.07285599,-78.33213917,274,UGEL_GPS (LOCAL)
26226783.0,1646215,0,MESONES MURO,10205,AMAZONAS,BAGUA,IMAZA,10009,IBIR-IMAZA,MESONES MURO,119168,841191.0,MESONES MURO S/N,Secundaria,Pública - Sector Educación,-5.07620998,-78.33463078,287,UGEL_GPS (LOCAL)
20189681.0,1347699,0,17834,10205,AMAZONAS,BAGUA,IMAZA,10009,IBIR-IMAZA,MUNN NAYUM,652818,517239.0,MUNN NAYUM - ANEXO CHIJA,Primaria,Pública - Sector Educación,-4.7242,-78.4889,624,GPS_OTRAS_FUENTES (LOCAL)
,4001158,0,MUNN NAYUM,10205,AMAZONAS,BAGUA,IMAZA,10009,IBIR-IMAZA,MUNN NAYUM,652818,105054.0,MUNN NAYUM,Inicial No Escolarizado,Pública - Sector Educación,-4.724311,-78.489369,619,MED_REG (LOCAL)
23147718.0,1576727,0,17865,10205,AMAZONAS,BAGUA,IMAZA,10009,IBIR-IMAZA,NAPUJUK,682322,649452.0,NAPUJUK,Primaria,Pública - Sector Educación,-4.70273431,-78.58377646,715,UGELCENSO_GPS (LOCAL)
20188022.0,1743723,0,370,10205,AMAZONAS,BAGUA,IMAZA,10009,IBIR-IMAZA,NAPUJUK,682322,818874.0,NAPUJUK,Inicial - Jardín,Pública - Sector Educación,-4.70282056,-78.58379133,715,UGELCENSO_GPS (LOCAL)
20180005.0,1464874,0,17849,10205,AMAZONAS,BAGUA,IMAZA,10009,IBIR-IMAZA,NAYAP,652965,591535.0,NUMPATKAIM ANEXO NAYAP,Primaria,Pública - Sector Educación,-4.87233865,-78.31170435,260,MED_GPS (LOCAL)
,3877632,0,NAYAP,10205,AMAZONAS,BAGUA,IMAZA,10009,IBIR-IMAZA,NAYAP,652965,102155.0,NAYAP,Inicial No Escolarizado,Pública - Sector Educación,-4.872283,-78.311405,254,MED_REG (LOCAL)
22836791.0,269977,0,16322,10205,AMAZONAS,BAGUA,IMAZA,10009,IBIR-IMAZA,NAYUMPIM,131690,3843.0,NAYUMPIM,Primaria,Pública - Sector Educación,-5.22962938,-78.25576379,316,MED_GPS (LOCAL)
20183721.0,1620681,0,312,10205,AMAZONAS,BAGUA,IMAZA,10009,IBIR-IMAZA,NAYUMPIM,131690,685256.0,NAYUMPIM,Inicial - Jardín,Pública - Sector Educación,-5.23248944,-78.25392421,353,MED_GPS (LOCAL)
,768622,0,017,10205,AMAZONAS,BAGUA,IMAZA,10009,IBIR-IMAZA,NAZARETH,115622,542446.0,NAZARETH S/N,Técnico Productiva - CETPRO,Pública - Sector Educación,-5.1376,-78.321,282,GPS_OTRAS_FUENTES (LOCAL)
22869043.0,270041,0,16361,10205,AMAZONAS,BAGUA,IMAZA,10009,IBIR-IMAZA,NAZARETH,115622,3999.0,NAZARETH,Primaria,Pública - Sector Educación,-5.13801561,-78.32106715,284,UGELCENSO_GPS (LOCAL)
22787527.0,767962,0,258,10205,AMAZONAS,BAGUA,IMAZA,10009,IBIR-IMAZA,NAZARETH,115622,3683.0,NAZARETH,Inicial - Jardín,Pública - Sector Educación,-5.1371,-78.3207,284,GPS_OTRAS_FUENTES (LOCAL)
20177217.0,745067,0,17337,10205,AMAZONAS,BAGUA,IMAZA,10009,IBIR-IMAZA,NUEVA JERUSALEN,521039,4593.0,NUEVA JERUSALEN S/N,Primaria,Pública - Sector Educación,-4.812657,-78.30348484,251,MED_GPS (LOCAL)
,3956829,0,NUEVA JERUSALEN MAJANU,10205,AMAZONAS,BAGUA,IMAZA,10009,IBIR-IMAZA,NUEVA JERUSALEN,521039,,NUEVA JERUSALEN,Inicial No Escolarizado,Pública - Sector Educación,-4.81263,-78.303509,248,MED_REG (LOCAL)
,4008309,0,NUEVA LUZ,10205,AMAZONAS,BAGUA,IMAZA,10009,IBIR-IMAZA,NUEVA LUZ,684399,117442.0,NUEVA LUZ,Inicial No Escolarizado,Pública - Sector Educación,-4.80536,-78.299861,254,MED_REG (LOCAL)
20188448.0,1743665,0,375,10205,AMAZONAS,BAGUA,IMAZA,10009,IBIR-IMAZA,NUEVA SALEM,652554,818812.0,NUEVA SALEM,Inicial - Jardín,Pública - Sector Educación,-4.98338063,-78.34035208,265,UGEL_GPS (LOCAL)
20189762.0,1346287,0,17831,10205,AMAZONAS,BAGUA,IMAZA,10009,IBIR-IMAZA,NUEVA SAMARIA,651109,516131.0,NUEVA SAMARIA,Primaria,Pública - Sector Educación,-4.9646447,-78.32860079,268,MED_GPS (LOCAL)
26642825.0,3056306,0,479,10205,AMAZONAS,BAGUA,IMAZA,10009,IBIR-IMAZA,NUEVA SAMARIA,651109,915894.0,NUEVA SAMARIA,Inicial - Jardín,Pública - Sector Educación,-4.964511,-78.328335,269,MED_REG (LOCAL)
20183071.0,1620624,0,305,10205,AMAZONAS,BAGUA,IMAZA,10009,IBIR-IMAZA,NUEVA VIDA,133240,685195.0,NUEVA VIDA,Inicial - Jardín,Pública - Sector Educación,-4.6483,-78.1537,224,GPS_OTRAS_FUENTES (LOCAL)
24582892.0,1307578,0,16722,10205,AMAZONAS,BAGUA,IMAZA,10009,IBIR-IMAZA,NUEVO BELEN,548970,840422.0,NUEVO BELEN COMUNIDAD NATIVA,Secundaria,Pública - Sector Educación,-4.83800511,-78.19152279,246,UGEL_GPS (LOCAL)
24582892.0,270348,0,16722,10205,AMAZONAS,BAGUA,IMAZA,10009,IBIR-IMAZA,NUEVO BELEN,548970,4164.0,NUEVO BELEN,Primaria,Pública - Sector Educación,-4.84095437,-78.1882427,244,GPS_OTRAS_FUENTES (LOCAL)
20181257.0,1546225,0,284,10205,AMAZONAS,BAGUA,IMAZA,10009,IBIR-IMAZA,NUEVO BELEN,548970,629562.0,NUEVO BELEN S/N,Inicial - Jardín,Pública - Sector Educación,-4.83688775,-78.19216913,244,UGELCENSO_GPS (LOCAL)
23103575.0,658401,0,17154,10205,AMAZONAS,BAGUA,IMAZA,10009,IBIR-IMAZA,NUEVO CHOTA,118872,3739.0,NUEVO CHOTA S/N,Primaria,Pública - Sector Educación,-5.07026577,-78.30204968,271,MED_GPS (LOCAL)
20181095.0,918169,0,276,10205,AMAZONAS,BAGUA,IMAZA,10009,IBIR-IMAZA,NUEVO CHOTA,118872,621900.0,NUEVO CHOTA S/N,Inicial - Jardín,Pública - Sector Educación,-5.0703,-78.3026,271,GPS_OTRAS_FUENTES (LOCAL)
23103168.0,623181,0,17144,10205,AMAZONAS,BAGUA,IMAZA,10009,IBIR-IMAZA,NUEVO HORIZONTE,123474,4376.0,NUEVO HORIZONTE,Primaria,Pública - Sector Educación,-5.10263167,-78.35947537,285,MED_GPS (LOCAL)
,3912464,0,NUEVO HORIZONTE,10205,AMAZONAS,BAGUA,IMAZA,10009,IBIR-IMAZA,NUEVO HORIZONTE,123474,102567.0,NUEVO HORIZONTE,Inicial No Escolarizado,Pública - Sector Educación,-5.102475,-78.360651,283,MED_REG (LOCAL)
20176970.0,1104488,0,17166,10205,AMAZONAS,BAGUA,IMAZA,10009,IBIR-IMAZA,NUEVO HUANCABAMBA,213505,4753.0,NUEVO HUANCABAMBA,Primaria,Pública - Sector Educación,-4.8855,-78.2049,261,GPS_OTRAS_FUENTES (LOCAL)
20181176.0,918250,0,277,10205,AMAZONAS,BAGUA,IMAZA,10009,IBIR-IMAZA,NUEVO HUANCABAMBA,213505,3744.0,NUEVO HUANCABAMBA,Inicial - Jardín,Pública - Sector Educación,-4.8852,-78.2052,259,GPS_OTRAS_FUENTES (LOCAL)
22870688.0,1412329,0,17845,10205,AMAZONAS,BAGUA,IMAZA,10009,IBIR-IMAZA,NUEVO SALEM,652554,563127.0,NUEVO SALEM,Primaria,Pública - Sector Educación,-4.98504025,-78.34045984,267,MED_GPS (LOCAL)
20177470.0,745083,0,17339,10205,AMAZONAS,BAGUA,IMAZA,10009,IBIR-IMAZA,NUJAGKIM,618100,4611.0,NUJAGKIM,Primaria,Pública - Sector Educación,-5.15260131,-78.24032032,300,MED_GPS (LOCAL)
26110106.0,1711811,0,360,10205,AMAZONAS,BAGUA,IMAZA,10009,IBIR-IMAZA,NUJAGKIM,618100,792925.0,NUJAGKIM,Inicial - Jardín,Pública - Sector Educación,-5.15306,-78.24137,302,UGEL_GPS (LOCAL)
22869469.0,658393,0,17153,10205,AMAZONAS,BAGUA,IMAZA,10009,IBIR-IMAZA,NUMPARQUE,613654,4456.0,NUMPARQUE,Primaria,Pública - Sector Educación,-5.13139683,-78.28453943,283,MED_GPS (LOCAL)
,1694741,0,NUMPARQUE,10205,AMAZONAS,BAGUA,IMAZA,10009,IBIR-IMAZA,NUMPARQUE,613654,110858.0,NUMPARQUE,Inicial No Escolarizado,Pública - Sector Educación,-5.1314,-78.28454,283,MED_REG (LOCAL)
24555585.0,1412295,0,16353,10205,AMAZONAS,BAGUA,IMAZA,10009,IBIR-IMAZA,NUMPATKAIM,126761,3937.0,NUMPATKAIM S/N,Secundaria,Pública - Sector Educación,-4.8523,-78.3233,250,GPS_OTRAS_FUENTES (LOCAL)
24555585.0,270140,0,16353,10205,AMAZONAS,BAGUA,IMAZA,10009,IBIR-IMAZA,NUMPATKAIM,126761,3937.0,NUMPATKAIM S/N,Primaria,Pública - Sector Educación,-4.8523,-78.3233,250,GPS_OTRAS_FUENTES (LOCAL)
20181826.0,1546274,0,291,10205,AMAZONAS,BAGUA,IMAZA,10009,IBIR-IMAZA,NUMPATKAIM MARAÑON,126761,629618.0,NUMPATKAIM MARAÑON,Inicial - Jardín,Pública - Sector Educación,-4.8524,-78.3232,248,GPS_OTRAS_FUENTES (LOCAL)
23147300.0,1566975,0,17862,10205,AMAZONAS,BAGUA,IMAZA,10009,IBIR-IMAZA,NUMPATKAIM PAKUI,550431,640296.0,NUMPATKAIM PAKUI,Primaria,Pública - Sector Educación,-5.21785294,-78.25361573,314,UGEL_GPS (LOCAL)
20186615.0,1711761,0,355,10205,AMAZONAS,BAGUA,IMAZA,10009,IBIR-IMAZA,NUMPATKAIM PAKUI,550431,792874.0,NUMPATKAIM PAKUI,Inicial - Jardín,Pública - Sector Educación,-5.21750987,-78.25286098,319,UGEL_GPS (LOCAL)
25257316.0,3022522,0,459,10205,AMAZONAS,BAGUA,IMAZA,10009,IBIR-IMAZA,NUMPATKAIM YUPICUSA,693116,906012.0,NUMPATKAIM YUPICUSA,Inicial - Jardín,Pública - Sector Educación,-5.195112,-78.393167,315,MED_REG (LOCAL)
26481783.0,270462,0,16714 SUWIKAI TSAKIM MIYAN,10205,AMAZONAS,BAGUA,IMAZA,10009,IBIR-IMAZA,PAANTAM,240218,4098.0,PAANTAM S/N,Primaria,Pública - Sector Educación,-4.9339395,-78.09716096,294,MED_GPS (LOCAL)
26481783.0,926535,0,16714 SUWIKAI TSAKIM MIYAN,10205,AMAZONAS,BAGUA,IMAZA,10009,IBIR-IMAZA,PAANTAM,240218,4098.0,PAANTAM S/N,Secundaria,Pública - Sector Educación,-4.9339395,-78.09716096,294,MED_GPS (LOCAL)
25422562.0,1464882,0,313,10205,AMAZONAS,BAGUA,IMAZA,10009,IBIR-IMAZA,PAANTAM,240218,591540.0,PAANTAM,Inicial - Jardín,Pública - Sector Educación,-4.93546534,-78.09856235,298,MED_GPS (LOCAL)
20178612.0,1323252,0,17820,10205,AMAZONAS,BAGUA,IMAZA,10009,IBIR-IMAZA,PAANTAM ENTSA,625181,369333.0,PAANTAM ENTSA ANEXO SHIMUTAS S/N,Primaria,Pública - Sector Educación,-5.10377028,-78.41566656,842,UGELCENSO_GPS (LOCAL)
25422317.0,1643188,0,325,10205,AMAZONAS,BAGUA,IMAZA,10009,IBIR-IMAZA,PAANTAM ENTSA,625181,726596.0,PAANTAM ENTSA,Inicial - Jardín,Pública - Sector Educación,-5.10407659,-78.41562312,843,UGEL_GPS (LOCAL)
20190401.0,1307529,0,17814,10205,AMAZONAS,BAGUA,IMAZA,10009,IBIR-IMAZA,PAGKI,653260,520618.0,PAGKI SHUSHUG,Primaria,Pública - Sector Educación,-5.22741056,-78.3297356,374,MED_GPS (LOCAL)
20184558.0,1643196,0,326,10205,AMAZONAS,BAGUA,IMAZA,10009,IBIR-IMAZA,PAGKI,653260,726600.0,PAGKI,Inicial - Jardín,Pública - Sector Educación,-5.22269414,-78.33289976,342,MED_GPS (LOCAL)
24193071.0,270421,0,16726,10205,AMAZONAS,BAGUA,IMAZA,10009,IBIR-IMAZA,PAKUI,150000,4201.0,PAKUI,Primaria,Pública - Sector Educación,-5.20986653,-78.26581696,314,MED_GPS (LOCAL)
20188774.0,1623586,0,379,10205,AMAZONAS,BAGUA,IMAZA,10009,IBIR-IMAZA,PAKUI,150000,832653.0,PAKUI,Inicial - Jardín,Pública - Sector Educación,-5.20876812,-78.26570544,316,UGEL_GPS (LOCAL)
25422643.0,1661883,0,PAKUI,10205,AMAZONAS,BAGUA,IMAZA,10009,IBIR-IMAZA,PAKUI,150000,743987.0,PAKUI,Secundaria,Pública - Sector Educación,-5.21005,-78.26591,314,UBICACION_WEB_MED (LOCAL)
20177969.0,768119,0,17345,10205,AMAZONAS,BAGUA,IMAZA,10009,IBIR-IMAZA,PAKUI SIJIAK,653285,4673.0,PAKUI SIJIAK,Primaria,Pública - Sector Educación,-4.89415005,-78.50422602,611,MED_GPS (LOCAL)
22317288.0,3005451,0,452,10205,AMAZONAS,BAGUA,IMAZA,10009,IBIR-IMAZA,PAKUI SIJIAK,653285,901665.0,PAKUI SIJIAK,Inicial - Jardín,Pública - Sector Educación,-4.89415,-78.50423,611,MED_REG (LOCAL)
20178205.0,401851,0,17349,10205,AMAZONAS,BAGUA,IMAZA,10009,IBIR-IMAZA,PAKUN,620256,4710.0,PAKUN S/N,Primaria,Pública - Sector Educación,-5.1717,-78.2852,297,GPS_OTRAS_FUENTES (LOCAL)
22870920.0,1432004,0,PAKUN,10205,AMAZONAS,BAGUA,IMAZA,10009,IBIR-IMAZA,PAKUN,620256,574079.0,PAKUN,Inicial - Jardín,Pública - Sector Educación,-5.1717,-78.2856,295,GPS_OTRAS_FUENTES (LOCAL)
23146312.0,1566983,0,17857,10205,AMAZONAS,BAGUA,IMAZA,10009,IBIR-IMAZA,PUERTO JAYAIS,210208,640300.0,PUERTO JAYAIS,Primaria,Pública - Sector Educación,-5.21830276,-78.3360048,345,MED_GPS (LOCAL)
20184973.0,1686542,0,336,10205,AMAZONAS,BAGUA,IMAZA,10009,IBIR-IMAZA,PUERTO JAYAIS,210208,770674.0,PUERTO JAYAIS,Inicial - Jardín,Pública - Sector Educación,-5.21872928,-78.33642577,342,UGEL_GPS (LOCAL)
22869388.0,546085,0,17138,10205,AMAZONAS,BAGUA,IMAZA,10009,IBIR-IMAZA,PUERTO PAKUY,118678,4324.0,PUERTO PAKUY,Primaria,Pública - Sector Educación,-5.19909934,-78.28748245,302,MED_GPS (LOCAL)
20186879.0,1711787,0,357,10205,AMAZONAS,BAGUA,IMAZA,10009,IBIR-IMAZA,PUERTO PAKUY,118678,792893.0,PUERTO PAKUY,Inicial - Jardín,Pública - Sector Educación,-5.19952076,-78.28860735,303,UGEL_GPS (LOCAL)
22815415.0,402321,0,16323,10205,AMAZONAS,BAGUA,IMAZA,10009,IBIR-IMAZA,PUMPU,115443,3857.0,PUMPU,Primaria,Pública - Sector Educación,-4.9359,-78.3383,269,GPS_OTRAS_FUENTES (LOCAL)
20182083.0,1620566,0,293,10205,AMAZONAS,BAGUA,IMAZA,10009,IBIR-IMAZA,PUMPU,115443,685138.0,PUMPU,Inicial - Jardín,Pública - Sector Educación,-4.93703495,-78.33978081,295,UGEL_GPS (LOCAL)
20177543.0,745091,0,17340,10205,AMAZONAS,BAGUA,IMAZA,10009,IBIR-IMAZA,PUTUIM,550229,4625.0,PUTUIM,Primaria,Pública - Sector Educación,-5.02846977,-78.37289679,303,MED_GPS (LOCAL)
,3998089,0,NANTU,10205,AMAZONAS,BAGUA,IMAZA,10009,IBIR-IMAZA,PUTUIM,550229,104892.0,PUTUIM,Inicial No Escolarizado,Pública - Sector Educación,-5.028649,-78.373498,306,MED_REG (LOCAL)
22408852.0,3007085,0,451,10205,AMAZONAS,BAGUA,IMAZA,10009,IBIR-IMAZA,PUTUNTS,683662,901726.0,PUTUNTS,Inicial - Jardín,Pública - Sector Educación,-4.84499216,-78.18744421,252,MED_REG (LOCAL)
22444409.0,3007242,0,17907,10205,AMAZONAS,BAGUA,IMAZA,10009,IBIR-IMAZA,PUTUNTS NUEVO BELEN,683662,901806.0,ANEXO PUTUNTS NUEVO BELEN,Primaria,Pública - Sector Educación,-4.84530561,-78.18766592,251,MED_REG (LOCAL)
20178795.0,1323245,0,17821,10205,AMAZONAS,BAGUA,IMAZA,10009,IBIR-IMAZA,RIO ESCONDIDO,652555,369371.0,RIO ESCONDIDO,Primaria,Pública - Sector Educación,-5.2292341,-78.27015434,337,MED_GPS (LOCAL)
25423143.0,1634500,0,17870,10205,AMAZONAS,BAGUA,IMAZA,10009,IBIR-IMAZA,SAAN WAMPINTSA,693107,707183.0,SAAN WAMPINTSA,Primaria,Pública - Sector Educación,-5.12459508,-78.58573113,988,UGELCENSO_GPS (LOCAL)
22787608.0,1747534,0,373,10205,AMAZONAS,BAGUA,IMAZA,10009,IBIR-IMAZA,SAAN WAMPINTSA,693107,822480.0,SAAN WAMPINTSA,Inicial - Jardín,Pública - Sector Educación,-5.12492338,-78.58550698,993,UGELCENSO_GPS (LOCAL)
20178469.0,918011,0,17351,10205,AMAZONAS,BAGUA,IMAZA,10009,IBIR-IMAZA,SAMAREN,222819,4729.0,SAMAREN,Primaria,Pública - Sector Educación,-5.17988899,-78.38216409,296,UGEL_GPS (LOCAL)
20186380.0,1686633,0,350,10205,AMAZONAS,BAGUA,IMAZA,10009,IBIR-IMAZA,SAMAREN,222819,770768.0,SAMAREN,Inicial - Jardín,Pública - Sector Educación,-5.18014279,-78.38321949,294,UGEL_GPS (LOCAL)
20177705.0,768028,0,17343,10205,AMAZONAS,BAGUA,IMAZA,10009,IBIR-IMAZA,SAN MATEO,530605,4654.0,SAN MATEO S/N,Primaria,Pública - Sector Educación,-4.79935282,-78.28654594,253,MED_GPS (LOCAL)
20183497.0,1620665,0,309,10205,AMAZONAS,BAGUA,IMAZA,10009,IBIR-IMAZA,SAN MATEO,530605,685237.0,SAN MATEO,Inicial - Jardín,Pública - Sector Educación,-4.80100406,-78.28547285,261,UGEL_GPS (LOCAL)
22837036.0,270199,0,16349,10205,AMAZONAS,BAGUA,IMAZA,10009,IBIR-IMAZA,SAN PABLO,117667,3895.0,SAN PABLO S/N,Primaria,Pública - Sector Educación,-4.76020362,-78.18430433,251,MED_GPS (LOCAL)
20186208.0,1686559,0,349,10205,AMAZONAS,BAGUA,IMAZA,10009,IBIR-IMAZA,SAN PABLO,117667,770688.0,SAN PABLO,Inicial - Jardín,Pública - Sector Educación,-4.75882034,-78.18410981,255,UGEL_GPS (LOCAL)
20174651.0,270215,0,16721,10205,AMAZONAS,BAGUA,IMAZA,10009,IBIR-IMAZA,SAN RAFAEL,116701,4159.0,SAN RAFAEL,Primaria,Pública - Sector Educación,-5.15638074,-78.35148468,307,MED_GPS (LOCAL)
26065070.0,3040086,0,RUBEN ANTUASH JEMPE,10205,AMAZONAS,BAGUA,IMAZA,10009,IBIR-IMAZA,SAN RAFAEL,116701,910127.0,SAN RAFAEL,Secundaria,Pública - Sector Educación,-5.15684,-78.35233,314,MED_REG (LOCAL)
22871005.0,1432012,0,SAN RAFAEL,10205,AMAZONAS,BAGUA,IMAZA,10009,IBIR-IMAZA,SAN RAFAEL,116701,574084.0,SAN RAFAEL S/N,Inicial - Jardín,Pública - Sector Educación,-5.15682026,-78.3526456,308,MED_GPS (LOCAL)
20175648.0,623223,0,17148,10205,AMAZONAS,BAGUA,IMAZA,10009,IBIR-IMAZA,SAN RAMON,533346,4404.0,SAN RAMON,Primaria,Pública - Sector Educación,-5.16807663,-78.36373054,288,UGELCENSO_GPS (LOCAL)
20185880.0,1686567,0,345,10205,AMAZONAS,BAGUA,IMAZA,10009,IBIR-IMAZA,SAN RAMON,533346,770693.0,SAN RAMON,Inicial - Jardín,Pública - Sector Educación,-5.16930393,-78.36608101,299,UGEL_GPS (LOCAL)
22870270.0,1373059,0,17840,10205,AMAZONAS,BAGUA,IMAZA,10009,IBIR-IMAZA,SASA,683391,534743.0,ANEXO SASA,Primaria,Pública - Sector Educación,-5.00701846,-78.33099585,268,UGEL_GPS (LOCAL)
20188367.0,1747542,0,374,10205,AMAZONAS,BAGUA,IMAZA,10009,IBIR-IMAZA,SASA,683391,822499.0,SASA,Inicial - Jardín,Pública - Sector Educación,-5.00695479,-78.33133763,275,UGEL_GPS (LOCAL)
20173254.0,1464890,0,17851,10205,AMAZONAS,BAGUA,IMAZA,10009,IBIR-IMAZA,SAWI ENTSA,654670,591559.0,SAWI ENTSA COMUNIDAD NATIVA,Primaria,Pública - Sector Educación,-5.28864972,-78.29075142,431,GPS_OTRAS_FUENTES (LOCAL)
25243048.0,3022423,0,458,10205,AMAZONAS,BAGUA,IMAZA,10009,IBIR-IMAZA,SAWI ENTSA,654670,905989.0,SAWI ENTSA,Inicial - Jardín,Pública - Sector Educación,-5.288869,-78.291627,419,MED_REG (LOCAL)
22491598.0,3007309,0,17905,10205,AMAZONAS,BAGUA,IMAZA,10009,IBIR-IMAZA,SAWIENTSA BICHANAK,692816,901854.0,SAWIENTSA BICHANAK,Primaria,Pública - Sector Educación,-5.1135993,-78.27039957,339,MED_REG (LOCAL)
,3998701,0,BICHANAK,10205,AMAZONAS,BAGUA,IMAZA,10009,IBIR-IMAZA,SAWIENTSA WICHANAK,692816,104901.0,SAWIENTSA WICHANAK,Inicial No Escolarizado,Pública - Sector Educación,-5.113823,-78.270651,338,MED_REG (LOCAL)
25243129.0,3022431,0,18859,10205,AMAZONAS,BAGUA,IMAZA,10009,IBIR-IMAZA,SHACHAM ENTSA,311474,905994.0,SHACHAM ENTSA,Primaria,Pública - Sector Educación,-5.03053,-78.4099,348,MED_REG (LOCAL)
20186951.0,1711795,0,358,10205,AMAZONAS,BAGUA,IMAZA,10009,IBIR-IMAZA,SHACHAM ENTSA,311474,792906.0,SHACHAM ENTSA,Inicial - Jardín,Pública - Sector Educación,-5.03075637,-78.41130039,357,UGEL_GPS (LOCAL)
23148544.0,1663327,0,17873,10205,AMAZONAS,BAGUA,IMAZA,10009,IBIR-IMAZA,SHAJAM ENTSA,682324,745383.0,SHAJAM ENTSA,Primaria,Pública - Sector Educación,-4.98896645,-78.42745604,581,UGEL_GPS (LOCAL)
,1692471,0,SHAJAM ENTSA,10205,AMAZONAS,BAGUA,IMAZA,10009,IBIR-IMAZA,SHAJAM ENTSA,682324,110773.0,SHAJAM ENTSA,Inicial No Escolarizado,Pública - Sector Educación,-4.988004,-78.427277,583,MED_REG (LOCAL)
22870769.0,1358985,0,17846,10205,AMAZONAS,BAGUA,IMAZA,10009,IBIR-IMAZA,SHAUJIP,655606,525324.0,SHAUJIP COMUNIDAD NATIVA,Primaria,Pública - Sector Educación,-4.95566,-78.53232,666,UGELCENSO_GPS (LOCAL)
20183314.0,1620657,0,308,10205,AMAZONAS,BAGUA,IMAZA,10009,IBIR-IMAZA,SHAUJIP,655606,685223.0,SHAUJIP,Inicial - Jardín,Pública - Sector Educación,-4.956,-78.5308,668,GPS_OTRAS_FUENTES (LOCAL)
23149532.0,1539790,0,17872,10205,AMAZONAS,BAGUA,IMAZA,10009,IBIR-IMAZA,SHIJAP,653286,626200.0,SHIJAP,Primaria,Pública - Sector Educación,-4.86565493,-78.31212911,275,MED_GPS (LOCAL)
20185961.0,1686575,0,346,10205,AMAZONAS,BAGUA,IMAZA,10009,IBIR-IMAZA,SHIJAP,653286,770706.0,SHIJAP,Inicial - Jardín,Pública - Sector Educación,-4.86614619,-78.31181725,272,UGEL_GPS (LOCAL)
20173661.0,402305,0,16321,10205,AMAZONAS,BAGUA,IMAZA,10009,IBIR-IMAZA,SHIMPUENTS BAKANTS,121096,3838.0,SHIMPUENTS BAKANTS,Primaria,Pública - Sector Educación,-5.19410859,-78.148003,484,MED_GPS (LOCAL)
20182407.0,1620590,0,299,10205,AMAZONAS,BAGUA,IMAZA,10009,IBIR-IMAZA,SHIMPUENTS BAKANTS,121096,685162.0,SHIMPUENTS,Inicial - Jardín,Pública - Sector Educación,-5.19446964,-78.14891975,480,MED_GPS (LOCAL)
24582639.0,1788538,0,SHIMPUENTS BAKANTS,10205,AMAZONAS,BAGUA,IMAZA,10009,IBIR-IMAZA,SHIMPUENTS BAKANTS,121096,649466.0,SHIMPUENTS BAKANTS,Secundaria,Pública - Sector Educación,-5.19165792,-78.15085986,502,UGELCENSO_GPS (LOCAL)
22836870.0,270371,0,16325,10205,AMAZONAS,BAGUA,IMAZA,10009,IBIR-IMAZA,SHIMUTAS,649985,3876.0,SHIMUTAS,Primaria,Pública - Sector Educación,-5.04495273,-78.42114608,376,MED_GPS (LOCAL)
20184639.0,1643204,0,327,10205,AMAZONAS,BAGUA,IMAZA,10009,IBIR-IMAZA,SHIMUTAS,649985,726619.0,SHIMUTAS,Inicial - Jardín,Pública - Sector Educación,-5.04153084,-78.42084686,368,UGEL_GPS (LOCAL)
23148706.0,1732643,0,17874,10205,AMAZONAS,BAGUA,IMAZA,10009,IBIR-IMAZA,SHISHIM,682967,810401.0,SHISHIM,Primaria,Pública - Sector Educación,-4.99287074,-78.39608849,286,UGEL_GPS (LOCAL)
,3877629,0,SHISHIM,10205,AMAZONAS,BAGUA,IMAZA,10009,IBIR-IMAZA,SHISHIM,682967,113272.0,SHISHIM,Inicial No Escolarizado,Pública - Sector Educación,-4.99261,-78.396785,289,MED_REG (LOCAL)
23104490.0,270272,0,16354,10205,AMAZONAS,BAGUA,IMAZA,10009,IBIR-IMAZA,SHUSHUG,115974,3942.0,SHUSHUG S/N,Primaria,Pública - Sector Educación,-5.20311,-78.32361,336,UGELCENSO_GPS (LOCAL)
20182245.0,1464908,0,295,10205,AMAZONAS,BAGUA,IMAZA,10009,IBIR-IMAZA,SHUSHUG,115974,591564.0,SHUSHUG,Inicial - Jardín,Pública - Sector Educación,-5.2003973,-78.32241423,318,UGEL_GPS (LOCAL)
20189010.0,768614,0,JUAN VELASCO ALVARADO,10205,AMAZONAS,BAGUA,IMAZA,10009,IBIR-IMAZA,SHUSHUG,115974,4814.0,SHUSHUG,Secundaria,Pública - Sector Educación,-5.204335,-78.324233,341,GPS_OTRAS_FUENTES (LOCAL)
20175729.0,585158,0,17149,10205,AMAZONAS,BAGUA,IMAZA,10009,IBIR-IMAZA,SHUSHUI,220856,4418.0,SHUSHUI,Primaria,Pública - Sector Educación,-4.91464246,-78.32526568,280,UGEL_GPS (LOCAL)
20183152.0,1620632,0,306,10205,AMAZONAS,BAGUA,IMAZA,10009,IBIR-IMAZA,SHUSHUI,220856,685204.0,SHUSHUI,Inicial - Jardín,Pública - Sector Educación,-4.91476679,-78.32462087,286,UGEL_GPS (LOCAL)
22836617.0,402289,0,16319,10205,AMAZONAS,BAGUA,IMAZA,10009,IBIR-IMAZA,SHUSHUNGA,126703,3819.0,SHUSHUNGA,Primaria,Pública - Sector Educación,-5.2038162,-78.32652094,322,MED_GPS (LOCAL)
20185211.0,1686583,0,339,10205,AMAZONAS,BAGUA,IMAZA,10009,IBIR-IMAZA,SHUSHUNGA,126703,770711.0,SHUSHUNGA,Inicial - Jardín,Pública - Sector Educación,-5.20237441,-78.32620974,321,UGEL_GPS (LOCAL)
24555747.0,918102,0,SHUSHUNGA,10205,AMAZONAS,BAGUA,IMAZA,10009,IBIR-IMAZA,SHUSHUNGA,126703,4847.0,SHUSHUNGA S/N,Secundaria,Pública - Sector Educación,-5.20209,-78.32612,321,UGELCENSO_GPS (LOCAL)
24555410.0,270033,0,16715,10205,AMAZONAS,BAGUA,IMAZA,10009,IBIR-IMAZA,SIJIAK,531778,4102.0,SIJIAK S/N,Primaria,Pública - Sector Educación,-4.92286079,-78.50018853,666,MED_GPS (LOCAL)
20184061.0,1620723,0,317,10205,AMAZONAS,BAGUA,IMAZA,10009,IBIR-IMAZA,SIJIAK,531778,685299.0,SIJIAK,Inicial - Jardín,Pública - Sector Educación,-4.92178006,-78.50067614,664,UGELCENSO_GPS (LOCAL)
23143674.0,1788512,0,BENJAMIN WACHAPEA UGKUCH,10205,AMAZONAS,BAGUA,IMAZA,10009,IBIR-IMAZA,SIJIAK,531778,810364.0,SIJIAK,Secundaria,Pública - Sector Educación,-4.91800337,-78.50248036,643,UGELCENSO_GPS (LOCAL)
23148137.0,1633858,0,17868,10205,AMAZONAS,BAGUA,IMAZA,10009,IBIR-IMAZA,SUGKA,655431,706503.0,ANEXO SUGKA,Primaria,Pública - Sector Educación,-5.19917,-78.1875,420,UBICACION_WEB (LOCAL)
20175801.0,623231,0,17150,10205,AMAZONAS,BAGUA,IMAZA,10009,IBIR-IMAZA,SUKUTIN,150002,4423.0,SUKUTIN S/N,Primaria,Pública - Sector Educación,-5.31033743,-78.29224493,510,GPS_OTRAS_FUENTES (LOCAL)
25239751.0,3022381,0,MARCIAL YAUN SEJUNITA,10205,AMAZONAS,BAGUA,IMAZA,10009,IBIR-IMAZA,SUKUTIN,150002,905946.0,SUKUTIN,Secundaria,Pública - Sector Educación,-5.3088212,-78.29241514,508,MED_REG (LOCAL)
,4010221,0,SHAMATAK SUKUTIN,10205,AMAZONAS,BAGUA,IMAZA,10009,IBIR-IMAZA,SUKUTIN,150002,117958.0,SUKUTIN,Inicial No Escolarizado,Pública - Sector Educación,-5.302758,-78.298316,485,MED_REG (LOCAL)
20177888.0,768036,0,17344,10205,AMAZONAS,BAGUA,IMAZA,10009,IBIR-IMAZA,SUKUTIN KUNCHIN,614643,4668.0,SUKUTIN ANEXO KUNCHIN S/N,Primaria,Pública - Sector Educación,-5.06050596,-78.43219626,416,MED_GPS (LOCAL)
20185708.0,1686591,0,344,10205,AMAZONAS,BAGUA,IMAZA,10009,IBIR-IMAZA,SUKUTIN KUNCHIN,614643,770725.0,SUKUTIN KUNCHIN,Inicial - Jardín,Pública - Sector Educación,-5.05993694,-78.43137294,412,UGEL_GPS (LOCAL)
26644313.0,3056371,0,TUPIKA AGKUASH CHIMPA,10205,AMAZONAS,BAGUA,IMAZA,10009,IBIR-IMAZA,SUKUTIN KUNCHIN,614643,916025.0,SUKUTIN ANEXO KUNCHIN S/N,Secundaria,Pública - Sector Educación,-5.056049,-78.433821,410,MED_REG (LOCAL)
20190086.0,1307602,0,17818,10205,AMAZONAS,BAGUA,IMAZA,10009,IBIR-IMAZA,SUWA,651108,520680.0,SUWA,Primaria,Pública - Sector Educación,-4.8858809,-78.30399152,257,MED_GPS (LOCAL)
25242882.0,3022407,0,456,10205,AMAZONAS,BAGUA,IMAZA,10009,IBIR-IMAZA,SUWA,651108,905965.0,SUWA,Inicial - Jardín,Pública - Sector Educación,-4.885781,-78.303713,254,MED_REG (LOCAL)
23148889.0,1663301,0,17875,10205,AMAZONAS,BAGUA,IMAZA,10009,IBIR-IMAZA,TAAUM WAWIK,683395,745364.0,TAAUM WAWIK,Primaria,Pública - Sector Educación,-4.85597956,-78.18250435,263,UGEL_GPS (LOCAL)
20187603.0,1732718,0,366,10205,AMAZONAS,BAGUA,IMAZA,10009,IBIR-IMAZA,TAAUM WAWIK,683395,810477.0,TAAUM WAWIK,Inicial - Jardín,Pública - Sector Educación,-4.85630673,-78.182739,260,UGEL_GPS (LOCAL)
20190167.0,1324623,0,17817,10205,AMAZONAS,BAGUA,IMAZA,10009,IBIR-IMAZA,TAGKAE ENTSA,683394,398806.0,ANEXO TAGKAE ENTSA,Primaria,Pública - Sector Educación,-4.91316,-78.328,275,UBICACION_WEB (LOCAL)
25242963.0,3022415,0,457,10205,AMAZONAS,BAGUA,IMAZA,10009,IBIR-IMAZA,TAGKAE ENTSA,683394,905970.0,ANEXO TAGKAE ENTSA,Inicial - Jardín,Pública - Sector Educación,-4.913556,-78.330589,345,MED_REG (LOCAL)
26083621.0,3040466,0,ANTONIO AWANANCH SUIKAI,10205,AMAZONAS,BAGUA,IMAZA,10009,IBIR-IMAZA,TAGKAE ENTSA,683394,910226.0,TAGKAE ENTSA,Secundaria,Pública - Sector Educación,-4.91695903,-78.33289504,372,MED_REG (LOCAL)
25423224.0,1464916,0,17852,10205,AMAZONAS,BAGUA,IMAZA,10009,IBIR-IMAZA,TANISH NAMAK,616816,591578.0,TANISH NAMAK COMUNIDAD NATIVA,Primaria,Pública - Sector Educación,-5.12845547,-78.05944323,397,UGEL_GPS (LOCAL)
20176636.0,745042,0,17162,10205,AMAZONAS,BAGUA,IMAZA,10009,IBIR-IMAZA,TEESH,127303,4545.0,TEESH,Primaria,Pública - Sector Educación,-5.24385457,-78.25006886,334,MED_GPS (LOCAL)
22317024.0,3005436,0,449,10205,AMAZONAS,BAGUA,IMAZA,10009,IBIR-IMAZA,TEESH,127303,901646.0,TEESH,Inicial - Jardín,Pública - Sector Educación,-5.243805,-78.25022,334,MED_REG (LOCAL)
22868888.0,270330,0,16359,10205,AMAZONAS,BAGUA,IMAZA,10009,IBIR-IMAZA,TEMASHNUM,516102,3980.0,TEMASHNUM S/N,Primaria,Pública - Sector Educación,-5.09254159,-78.35745001,287,MED_GPS (LOCAL)
20180595.0,708180,0,257,10205,AMAZONAS,BAGUA,IMAZA,10009,IBIR-IMAZA,TEMASHNUM,516102,3678.0,TEMASHNUM,Inicial - Jardín,Pública - Sector Educación,-5.0927733,-78.35776,289,MED_GPS (LOCAL)
22870351.0,1412287,0,17841,10205,AMAZONAS,BAGUA,IMAZA,10009,IBIR-IMAZA,TSAG ENTSA,121755,563085.0,TSAG ENTSA,Primaria,Pública - Sector Educación,-5.14653969,-78.26836131,295,MED_GPS (LOCAL)
20186534.0,1686609,0,353,10205,AMAZONAS,BAGUA,IMAZA,10009,IBIR-IMAZA,TSAG ENTSA,121755,770730.0,TSAG ENTSA,Inicial - Jardín,Pública - Sector Educación,-5.14660488,-78.26796807,294,UGEL_GPS (LOCAL)
,3965292,0,TSAYAG,10205,AMAZONAS,BAGUA,IMAZA,10009,IBIR-IMAZA,TSAYAG,684067,113716.0,TSAYAG,Inicial No Escolarizado,Pública - Sector Educación,-5.21403,-78.328872,331,MED_REG (LOCAL)
20175079.0,925834,0,17124,10205,AMAZONAS,BAGUA,IMAZA,10009,IBIR-IMAZA,TSEGKEN,129800,4277.0,TSEGKEN,Primaria,Pública - Sector Educación,-5.15858721,-78.19838741,315,MED_GPS (LOCAL)
20187034.0,1711803,0,359,10205,AMAZONAS,BAGUA,IMAZA,10009,IBIR-IMAZA,TSEGKEN,129800,792911.0,TSEGKEN,Inicial - Jardín,Pública - Sector Educación,-5.15883421,-78.20021283,312,UGEL_GPS (LOCAL)
,4008312,0,TSUNTSUNTS WAWIK,10205,AMAZONAS,BAGUA,IMAZA,10009,IBIR-IMAZA,TSUNTSUNTS WAWIK,693223,117443.0,TSUNTSUNTS WAWIK,Inicial No Escolarizado,Pública - Sector Educación,-4.801443,-78.163261,417,MED_REG (LOCAL)
20176229.0,708206,0,17158,10205,AMAZONAS,BAGUA,IMAZA,10009,IBIR-IMAZA,TUNIM,568065,4507.0,TUNIM,Primaria,Pública - Sector Educación,-4.89380709,-78.51553064,603,MED_GPS (LOCAL)
20187948.0,1743715,0,369,10205,AMAZONAS,BAGUA,IMAZA,10009,IBIR-IMAZA,TUNIM,568065,818869.0,TUNIM,Inicial - Jardín,Pública - Sector Educación,-4.89393475,-78.51534815,606,UGEL_GPS (LOCAL)
22868969.0,402719,0,16362,10205,AMAZONAS,BAGUA,IMAZA,10009,IBIR-IMAZA,TUNTUGKUS WAWAIM,213969,4003.0,TUNTUGKUS WAWAIM,Primaria,Pública - Sector Educación,-5.14629953,-78.23700207,306,MED_GPS (LOCAL)
20181583.0,1546241,0,288,10205,AMAZONAS,BAGUA,IMAZA,10009,IBIR-IMAZA,TUNTUGKUS WAWAIM,213969,629581.0,TUNTUGKUS WAWAIM,Inicial - Jardín,Pública - Sector Educación,-5.14602654,-78.2373962,303,MED_GPS (LOCAL)
26110513.0,1788520,0,CHUJAI ANAG UKUNCHAM,10205,AMAZONAS,BAGUA,IMAZA,10009,IBIR-IMAZA,TUNTUGKUS WAWAIM,213969,810359.0,TUNTUGKUS WAWAIM,Secundaria,Pública - Sector Educación,-5.14673,-78.23854,309,UGEL_GPS (LOCAL)
20173335.0,926568,0,16316,10205,AMAZONAS,BAGUA,IMAZA,10009,IBIR-IMAZA,TUNTUNGOS,619521,3782.0,TUNTUNGOS,Secundaria,Pública - Sector Educación,-5.14184905,-78.26102882,289,MED_GPS (LOCAL)
20173335.0,499517,0,16316,10205,AMAZONAS,BAGUA,IMAZA,10009,IBIR-IMAZA,TUNTUNGOS,619521,3782.0,TUNTUNGOS,Primaria,Pública - Sector Educación,-5.14184905,-78.26102882,289,MED_GPS (LOCAL)
,3912469,0,TUNTUNGOS,10205,AMAZONAS,BAGUA,IMAZA,10009,IBIR-IMAZA,TUNTUNGOS,619521,102569.0,TUNTUNGOS,Inicial No Escolarizado,Pública - Sector Educación,-5.141383,-78.260529,295,MED_REG (LOCAL)
22869205.0,554048,0,16724,10205,AMAZONAS,BAGUA,IMAZA,10009,IBIR-IMAZA,TUNTUS,684384,4183.0,TUNTUS,Primaria,Pública - Sector Educación,-4.72669,-78.54515,545,UGELCENSO_GPS (LOCAL)
20187867.0,1743707,0,368,10205,AMAZONAS,BAGUA,IMAZA,10009,IBIR-IMAZA,TUNTUS,684384,818850.0,TUNTUS,Inicial - Jardín,Pública - Sector Educación,-4.72695,-78.54487,545,UGELCENSO_GPS (LOCAL)
20174323.0,223719,0,16616,10205,AMAZONAS,BAGUA,IMAZA,10009,IBIR-IMAZA,TUPAC AMARU 1,238848,4041.0,TUPAC AMARU 1,Primaria,Pública - Sector Educación,-4.89433589,-78.20431478,261,MED_GPS (LOCAL)
20180676.0,918193,0,259,10205,AMAZONAS,BAGUA,IMAZA,10009,IBIR-IMAZA,TUPAC AMARU 1,238848,3697.0,TUPAC AMARU 1,Inicial - Jardín,Pública - Sector Educación,-4.8941,-78.2045,260,GPS_OTRAS_FUENTES (LOCAL)
24952241.0,676593,0,AGRO INDUSTRIAL JOSE GABRIEL CONDORCANQUI,10205,AMAZONAS,BAGUA,IMAZA,10009,IBIR-IMAZA,TUPAC AMARU 1,238848,4791.0,TUPAC AMARU I S/N,Secundaria,Pública - Sector Educación,-4.8954,-78.2046,255,GPS_OTRAS_FUENTES (LOCAL)
,3969877,0,MONTE DE LOS OLIVOS,10205,AMAZONAS,BAGUA,IMAZA,10009,IBIR-IMAZA,TUPAC AMARU 1,238848,103778.0,TUPAC AMARU 1,Inicial No Escolarizado,Pública - Sector Educación,-4.895074,-78.203967,274,MED_REG (LOCAL)
22787942.0,593822,0,17135,10205,AMAZONAS,BAGUA,IMAZA,10009,IBIR-IMAZA,TUPAC AMARU II,651105,4296.0,TUPAC AMARU II,Primaria,Pública - Sector Educación,-4.86958212,-78.19391782,251,UGELCENSO_GPS (LOCAL)
22787942.0,1643212,0,17135,10205,AMAZONAS,BAGUA,IMAZA,10009,IBIR-IMAZA,TUPAC AMARU II,651105,850623.0,TUPAC AMARU II,Inicial - Jardín,Pública - Sector Educación,-4.86944003,-78.19383505,251,UGELCENSO_GPS (LOCAL)
22871269.0,1633833,0,TUPAC AMARU II,10205,AMAZONAS,BAGUA,IMAZA,10009,IBIR-IMAZA,TUPAC AMARU II,651105,706485.0,TUPAC AMARU II,Secundaria,Pública - Sector Educación,-4.86974511,-78.1929679,255,UGEL_GPS (LOCAL)
20179864.0,1373026,0,17842,10205,AMAZONAS,BAGUA,IMAZA,10009,IBIR-IMAZA,UCHI NAYUM,653751,534719.0,UCHI NAYUM,Primaria,Pública - Sector Educación,-4.82592951,-78.52726549,573,MED_GPS (LOCAL)
20188286.0,1743731,0,372,10205,AMAZONAS,BAGUA,IMAZA,10009,IBIR-IMAZA,UCHI NAYUM,653751,818888.0,UCHI NAYUM,Inicial - Jardín,Pública - Sector Educación,-4.82593416,-78.52779708,575,UGEL_GPS (LOCAL)
,3965956,0,UKAIM,10205,AMAZONAS,BAGUA,IMAZA,10009,IBIR-IMAZA,UKAIM,684087,113735.0,UKAIM,Inicial No Escolarizado,Pública - Sector Educación,-5.155359,-78.199149,315,MED_REG (LOCAL)
20189436.0,1412261,0,17838,10205,AMAZONAS,BAGUA,IMAZA,10009,IBIR-IMAZA,UMUKAI,244679,563066.0,ANEXO UMUKAI NAZARETH,Primaria,Pública - Sector Educación,-5.14568874,-78.30434659,301,UGELCENSO_GPS (LOCAL)
20182164.0,1620574,0,294,10205,AMAZONAS,BAGUA,IMAZA,10009,IBIR-IMAZA,UMUKAI,244679,685143.0,ANEXO UMUKAI NAZARETH,Inicial - Jardín,Pública - Sector Educación,-5.1437,-78.3042,306,GPS_OTRAS_FUENTES (LOCAL)
20189274.0,623405,0,TEETS TSEJE,10205,AMAZONAS,BAGUA,IMAZA,10009,IBIR-IMAZA,UMUKAI,244679,4786.0,UMUKAI S/N,Secundaria,Pública - Sector Educación,-5.14354093,-78.30739032,296,UGELCENSO_GPS (LOCAL)
,3924620,0,UMUKAI KUSU,10205,AMAZONAS,BAGUA,IMAZA,10009,IBIR-IMAZA,UMUKAI KUSU,654681,102776.0,UMUKAI KUSU,Inicial No Escolarizado,Pública - Sector Educación,-4.780064,-78.298402,248,MED_REG (LOCAL)
26643996.0,3056363,0,480,10205,AMAZONAS,BAGUA,IMAZA,10009,IBIR-IMAZA,UMUKAI PAKUI,653269,915950.0,UMUKAI PAKUI,Inicial - Jardín,Pública - Sector Educación,-5.198357,-78.277909,309,MED_REG (LOCAL)
22408933.0,3007093,0,17901,10205,AMAZONAS,BAGUA,IMAZA,10009,IBIR-IMAZA,UNTI TEMASHNUM,692827,901731.0,UNTI TEMASHNUM,Primaria,Pública - Sector Educación,-5.11102438,-78.36760283,283,MED_REG (LOCAL)
22837117.0,270116,0,16356,10205,AMAZONAS,BAGUA,IMAZA,10009,IBIR-IMAZA,UUT,128874,3956.0,UUT S/N,Primaria,Pública - Sector Educación,-4.9805,-78.3323,277,GPS_OTRAS_FUENTES (LOCAL)
20182733.0,1464957,0,302,10205,AMAZONAS,BAGUA,IMAZA,10009,IBIR-IMAZA,UUT,128874,591597.0,UUT,Inicial - Jardín,Pública - Sector Educación,-4.98044658,-78.33260548,272,UGEL_GPS (LOCAL)
26083540.0,3039245,0,JACOB SHAJIAN ANTUNCE,10205,AMAZONAS,BAGUA,IMAZA,10009,IBIR-IMAZA,UUT,128874,910212.0,UUT,Secundaria,Pública - Sector Educación,-4.9843812,-78.32872152,385,MED_REG (LOCAL)
,3965289,0,UWAN ENTSA,10205,AMAZONAS,BAGUA,IMAZA,10009,IBIR-IMAZA,UWAN ENTSA,684066,113717.0,UWAN ENTSA,Inicial No Escolarizado,Pública - Sector Educación,-5.146287,-78.251511,295,MED_REG (LOCAL)
,3877626,0,UYAI,10205,AMAZONAS,BAGUA,IMAZA,10009,IBIR-IMAZA,UYAI,682962,109576.0,UYAI,Inicial No Escolarizado,Pública - Sector Educación,-5.234555,-78.108088,555,MED_REG (LOCAL)
23146150.0,1663293,0,17854,10205,AMAZONAS,BAGUA,IMAZA,10009,IBIR-IMAZA,UYAI ENTSA,684408,745359.0,UYAI ENTSA,Primaria,Pública - Sector Educación,-5.23712,-78.11165,555,UGELCENSO_GPS (LOCAL)
,1692481,0,UYAI ENTSA,10205,AMAZONAS,BAGUA,IMAZA,10009,IBIR-IMAZA,UYAI ENTSA,654680,110861.0,UYAI ENTSA,Inicial No Escolarizado,Pública - Sector Educación,-5.080535,-78.342347,273,MED_REG (LOCAL)
26280974.0,1464965,0,17847,10205,AMAZONAS,BAGUA,IMAZA,10009,IBIR-IMAZA,UYU ENTSA,652962,591601.0,UYU ENTSA,Primaria,Pública - Sector Educación,-5.23277572,-78.25635941,320,MED_GPS (LOCAL)
26643163.0,3056330,0,476,10205,AMAZONAS,BAGUA,IMAZA,10009,IBIR-IMAZA,UYU ENTSA,652962,915926.0,UYU ENTSA,Inicial - Jardín,Pública - Sector Educación,-5.23285,-78.256773,320,MED_REG (LOCAL)
20190574.0,1307511,0,17805,10205,AMAZONAS,BAGUA,IMAZA,10009,IBIR-IMAZA,VILLA HERMOSA,651107,520604.0,VILLA HERMOSA,Primaria,Pública - Sector Educación,-5.18909289,-78.31107588,354,MED_GPS (LOCAL)
20189843.0,1347707,0,17829,10205,AMAZONAS,BAGUA,IMAZA,10009,IBIR-IMAZA,VILLA RICA,652556,517263.0,VILLA RICA,Primaria,Pública - Sector Educación,-4.97817757,-78.22537211,441,MED_GPS (LOCAL)
,1698105,0,VILLA RICA,10205,AMAZONAS,BAGUA,IMAZA,10009,IBIR-IMAZA,VILLA RICA,652556,110888.0,VILLA RICA,Inicial No Escolarizado,Pública - Sector Educación,-4.978208,-78.224856,438,MED_REG (LOCAL)
24661008.0,1401124,0,FE Y ALEGRIA 62 SAN JOSE,10205,AMAZONAS,BAGUA,IMAZA,10009,IBIR-IMAZA,WACHAPEA,532029,4734.0,WACHAPEA MISION,Inicial - Jardín,Pública - En convenio,-5.15484566,-78.28849733,288,UGELCENSO_GPS (LOCAL)
24661008.0,402248,0,FE Y ALEGRIA 62 SAN JOSE,10205,AMAZONAS,BAGUA,IMAZA,10009,IBIR-IMAZA,WACHAPEA,532029,4734.0,WACHAPEA MISION,Primaria,Pública - En convenio,-5.15484566,-78.28849733,288,UGELCENSO_GPS (LOCAL)
24661008.0,1104801,0,FE Y ALEGRIA 62 SAN JOSE,10205,AMAZONAS,BAGUA,IMAZA,10009,IBIR-IMAZA,WACHAPEA,532029,4734.0,WACHAPEA MISION,Secundaria,Pública - En convenio,-5.15484566,-78.28849733,288,UGELCENSO_GPS (LOCAL)
23148056.0,1696913,0,17866,10205,AMAZONAS,BAGUA,IMAZA,10009,IBIR-IMAZA,WAGA ENTSA,682328,779943.0,WAGA ENTSA COMUNIDAD,Primaria,Pública - Sector Educación,-4.84255698,-78.17387373,275,UGEL_GPS (LOCAL)
,3877624,0,WAGA ENTSA,10205,AMAZONAS,BAGUA,IMAZA,10009,IBIR-IMAZA,WAGA ENTSA,682328,102154.0,WAGA ENTSA,Inicial No Escolarizado,Pública - Sector Educación,-4.842248,-78.174033,279,MED_REG (LOCAL)
26098653.0,3041092,0,18863,10205,AMAZONAS,BAGUA,IMAZA,10009,IBIR-IMAZA,WAGKANIM,693207,910354.0,WAGKANIM,Primaria,Pública - Sector Educación,-5.23908377,-78.31649065,393,MED_REG (LOCAL)
26655374.0,3056504,0,482,10205,AMAZONAS,BAGUA,IMAZA,10009,IBIR-IMAZA,WAGKANIM,693207,916129.0,WAGKANIM,Inicial - Jardín,Pública - Sector Educación,-5.236294,-78.321082,351,MED_REG (LOCAL)
,1692461,0,WAJUYAT,10205,AMAZONAS,BAGUA,IMAZA,10009,IBIR-IMAZA,WAJUJAK,127924,110889.0,WAJUYAT,Inicial No Escolarizado,Pública - Sector Educación,-4.937601,-78.337755,250,MED_REG (LOCAL)
23147221.0,1634534,0,17859,10205,AMAZONAS,BAGUA,IMAZA,10009,IBIR-IMAZA,WAJUYAT,127924,707215.0,ANEXO WAJUYAT,Primaria,Pública - Sector Educación,-4.93762844,-78.33769615,250,MED_GPS (LOCAL)
20176148.0,708198,0,17157,10205,AMAZONAS,BAGUA,IMAZA,10009,IBIR-IMAZA,WAMPINTSA,683487,4499.0,WAMPINTSA,Primaria,Pública - Sector Educación,-5.09716,-78.57866,905,UGELCENSO_GPS (LOCAL)
,3980159,0,ETSA,10205,AMAZONAS,BAGUA,IMAZA,10009,IBIR-IMAZA,WAMPINTSA,683487,111644.0,WAMPINTSA,Inicial No Escolarizado,Pública - Sector Educación,-5.096458,-78.579454,923,MED_REG (LOCAL)
,1692477,0,WAWA,10205,AMAZONAS,BAGUA,IMAZA,10009,IBIR-IMAZA,WAWA,121560,110863.0,WAWA,Inicial No Escolarizado,Pública - Sector Educación,-5.042399,-78.424766,392,MED_REG (LOCAL)
24554910.0,1385046,0,16729,10205,AMAZONAS,BAGUA,IMAZA,10009,IBIR-IMAZA,WAWAS,121560,841006.0,WAWAS S/N,Secundaria,Pública - Sector Educación,-5.22488579,-78.34550429,343,UGEL_GPS (LOCAL)
24554910.0,270496,0,16729,10205,AMAZONAS,BAGUA,IMAZA,10009,IBIR-IMAZA,WAWAS,121560,4239.0,WAWAS S/N,Primaria,Pública - Sector Educación,-5.22482725,-78.34650878,338,GPS_OTRAS_FUENTES (LOCAL)
20181745.0,1546266,0,290,10205,AMAZONAS,BAGUA,IMAZA,10009,IBIR-IMAZA,WAWAS,121560,629604.0,WAWAS S/N,Inicial - Jardín,Pública - Sector Educación,-5.2261,-78.3465,343,GPS_OTRAS_FUENTES (LOCAL)
20175151.0,593855,0,17136,10205,AMAZONAS,BAGUA,IMAZA,10009,IBIR-IMAZA,WAWICO,129495,4300.0,WAWICO S/N,Primaria,Pública - Sector Educación,-4.93612029,-78.20202327,291,MED_GPS (LOCAL)
20182997.0,1620616,0,304,10205,AMAZONAS,BAGUA,IMAZA,10009,IBIR-IMAZA,WAWICO,129495,685181.0,WAWICO,Inicial - Jardín,Pública - Sector Educación,-4.93586467,-78.20247571,292,UGEL_GPS (LOCAL)
22870841.0,918078,0,ANDRES AVELINO CACERES,10205,AMAZONAS,BAGUA,IMAZA,10009,IBIR-IMAZA,WAWICO,129495,4833.0,WAWICO S/N,Secundaria,Pública - Sector Educación,-4.9365,-78.2011,294,GPS_OTRAS_FUENTES (LOCAL)
26188660.0,491845,0,16725,10205,AMAZONAS,BAGUA,IMAZA,10009,IBIR-IMAZA,WAYAMPIAK,517445,4197.0,WAYAMPIAK S/N,Primaria,Pública - Sector Educación,-4.86808094,-78.52239505,594,MED_GPS (LOCAL)
24582711.0,1379403,0,16725,10205,AMAZONAS,BAGUA,IMAZA,10009,IBIR-IMAZA,WAYAMPIAK,517445,726539.0,WAYAMPIAK,Secundaria,Pública - Sector Educación,-4.87058414,-78.52112348,597,MED_GPS (LOCAL)
20180757.0,918227,0,260,10205,AMAZONAS,BAGUA,IMAZA,10009,IBIR-IMAZA,WAYAMPIAK,517445,3701.0,WAYAMPIAK,Inicial - Jardín,Pública - Sector Educación,-4.8687358,-78.52406143,611,MED_GPS (LOCAL)
20176482.0,708214,0,17160,10205,AMAZONAS,BAGUA,IMAZA,10009,IBIR-IMAZA,WEE,545156,4526.0,WEE,Primaria,Pública - Sector Educación,-4.784688,-78.3683,405,GPS_OTRAS_FUENTES (LOCAL)
26643813.0,3056355,0,481,10205,AMAZONAS,BAGUA,IMAZA,10009,IBIR-IMAZA,WEE,680472,915945.0,WEE,Inicial - Jardín,Pública - Sector Educación,-4.782593,-78.320653,325,MED_REG (LOCAL)
26110025.0,1620582,0,297,10205,AMAZONAS,BAGUA,IMAZA,10009,IBIR-IMAZA,WEE PUMPU,682327,685157.0,WEE PUMPU,Inicial - Jardín,Pública - Sector Educación,-4.90991,-78.35136,337,UBICACION_WEB (LOCAL)
20178388.0,503284,0,17350,10205,AMAZONAS,BAGUA,IMAZA,10009,IBIR-IMAZA,WICHIM,150001,4871.0,WICHIM S/N,Primaria,Pública - Sector Educación,-5.2734,-78.3503,420,GPS_OTRAS_FUENTES (LOCAL)
20187115.0,1711829,0,361,10205,AMAZONAS,BAGUA,IMAZA,10009,IBIR-IMAZA,WICHIM,150001,792930.0,WICHIM,Inicial - Jardín,Pública - Sector Educación,-5.27208874,-78.3504522,417,UGEL_GPS (LOCAL)
26098734.0,3041100,0,18864,10205,AMAZONAS,BAGUA,IMAZA,10009,IBIR-IMAZA,WIYANTSA,693208,910368.0,WIYANTSA,Primaria,Pública - Sector Educación,-5.01249075,-78.36665869,506,MED_REG (LOCAL)
25604237.0,263111,0,FE Y ALEGRIA 55 VALENTIN SALEGUI,10205,AMAZONAS,BAGUA,IMAZA,10009,IBIR-IMAZA,YAMAKAIENTSA,224155,4828.0,YAMAKAIENTSA S/N,Secundaria,Pública - Sector Educación,-5.04405531,-78.33255185,270,MED_GPS (LOCAL)
22868705.0,402610,0,16352,10205,AMAZONAS,BAGUA,IMAZA,10009,IBIR-IMAZA,YAMAYAKAT,532424,3923.0,YAMAYAKAT,Primaria,Pública - Sector Educación,-5.05315222,-78.33813719,290,MED_GPS (LOCAL)
20180919.0,926972,0,265,10205,AMAZONAS,BAGUA,IMAZA,10009,IBIR-IMAZA,YAMAYAKAT,532424,3720.0,YAMAYAKAT,Inicial - Jardín,Pública - Sector Educación,-5.05487633,-78.33805698,275,UGELCENSO_GPS (LOCAL)
23147149.0,1723006,0,17858,10205,AMAZONAS,BAGUA,IMAZA,10009,IBIR-IMAZA,YAMPIK,682961,804914.0,YAMPIK,Primaria,Pública - Sector Educación,-4.79313096,-78.20297956,260,GPS_OTRAS_FUENTES (LOCAL)
,3877621,0,YAMPIK,10205,AMAZONAS,BAGUA,IMAZA,10009,IBIR-IMAZA,YAMPIK,682961,109803.0,YAMPIK,Inicial No Escolarizado,Pública - Sector Educación,-4.793514,-78.202626,246,MED_REG (LOCAL)
22816241.0,554642,0,16324,10205,AMAZONAS,BAGUA,IMAZA,10009,IBIR-IMAZA,YANAT,514630,3862.0,YANAT,Primaria,Pública - Sector Educación,-4.9436,-78.5372,647,GPS_OTRAS_FUENTES (LOCAL)
20183233.0,1620640,0,307,10205,AMAZONAS,BAGUA,IMAZA,10009,IBIR-IMAZA,YANAT,514630,685218.0,YANAT,Inicial - Jardín,Pública - Sector Educación,-4.9441,-78.5375,648,GPS_OTRAS_FUENTES (LOCAL)
26065151.0,3040094,0,JUAN UGKUM AMPAM,10205,AMAZONAS,BAGUA,IMAZA,10009,IBIR-IMAZA,YANAT,514630,910132.0,YANAT,Secundaria,Pública - Sector Educación,-4.9433,-78.53541,650,MED_REG (LOCAL)
20176891.0,917831,0,17164,10205,AMAZONAS,BAGUA,IMAZA,10009,IBIR-IMAZA,YANGUNGA,239649,4569.0,YANGUNGA S/N,Primaria,Pública - Sector Educación,-5.19196449,-78.27875819,324,MED_GPS (LOCAL)
20186461.0,1686625,0,352,10205,AMAZONAS,BAGUA,IMAZA,10009,IBIR-IMAZA,YANGUNGA,239649,770754.0,YANGUNGA,Inicial - Jardín,Pública - Sector Educación,-5.187802,-78.2784813,313,UGEL_GPS (LOCAL)
26109965.0,1663376,0,17860,10205,AMAZONAS,BAGUA,IMAZA,10009,IBIR-IMAZA,YAUN KASEN,682326,745439.0,YAUN KASEN,Primaria,Pública - Sector Educación,-4.78248,-78.32059,325,UGELCENSO_GPS (LOCAL)
,1692470,0,YAUN KASEN,10205,AMAZONAS,BAGUA,IMAZA,10009,IBIR-IMAZA,YAUN KASEN,682326,111313.0,YAUN KASEN,Inicial No Escolarizado,Pública - Sector Educación,-4.771088,-78.325503,259,MED_REG (LOCAL)
25078128.0,1464809,0,16317,10205,AMAZONAS,BAGUA,IMAZA,10009,IBIR-IMAZA,YUPICUSA,113084,3796.0,YUPICUSA S/N,Secundaria,Pública - Sector Educación,-5.19161895,-78.37924833,291,MED_GPS (LOCAL)
25078128.0,402263,0,16317,10205,AMAZONAS,BAGUA,IMAZA,10009,IBIR-IMAZA,YUPICUSA,113084,3796.0,YUPICUSA S/N,Primaria,Pública - Sector Educación,-5.19161895,-78.37924833,291,MED_GPS (LOCAL)
20183802.0,1620707,0,315,10205,AMAZONAS,BAGUA,IMAZA,10009,IBIR-IMAZA,YUPICUSA,113084,685275.0,YUPICUSA,Inicial - Jardín,Pública - Sector Educación,-5.19326657,-78.38015196,307,MED_GPS (LOCAL)
20176301.0,691709,0,17159,10401,AMAZONAS,CONDORCANQUI,NIEVA,10009,IBIR-IMAZA,ALAN GARCIA PEREZ,531987,4512.0,ALAN GARCIA PEREZ S/N,Primaria,Pública - Sector Educación,-4.93100555,-78.12055443,296,MED_GPS (LOCAL)
20174994.0,1623594,0,17088,10401,AMAZONAS,CONDORCANQUI,NIEVA,10009,IBIR-IMAZA,CUZUMATAC,567352,850618.0,CUZUMATAC,Inicial - Jardín,Pública - Sector Educación,-4.91713,-78.10677,284,UGEL_GPS (LOCAL)
,3980123,0,BIKUT,10401,AMAZONAS,CONDORCANQUI,NIEVA,10009,IBIR-IMAZA,LA TUNA,616984,110251.0,LA TUNA,Inicial No Escolarizado,Pública - Sector Educación,-4.977556,-78.126467,391,MED_REG (LOCAL)
25422724.0,1623602,0,16713,10401,AMAZONAS,CONDORCANQUI,NIEVA,10009,IBIR-IMAZA,SUWANTS,546117,4084.0,SUWANTS,Inicial - Jardín,Pública - Sector Educación,-4.89957584,-78.10833481,271,MED_GPS (LOCAL)
25422724.0,843763,0,16713,10401,AMAZONAS,CONDORCANQUI,NIEVA,10009,IBIR-IMAZA,SUWANTS,546117,4084.0,SUWANTS,Primaria,Pública - Sector Educación,-4.89957584,-78.10833481,271,MED_GPS (LOCAL)
,4008313,0,KANTASH ENTSA,10401,AMAZONAS,CONDORCANQUI,NIEVA,10009,IBIR-IMAZA,YUJAKIM / KANTASH ENTSA,654278,117446.0,KANTASH ENTSA,Inicial No Escolarizado,Pública - Sector Educación,-4.969671,-78.065632,299,MED_REG (LOCAL)
